"Date Inserted","Reporting Date","Sale Month","Store","Artist","Title","ISRC","UPC","Quantity","Team Percentage","Source Type","Country of Sale","Songwriter Royalties Withheld (USD)","Earnings (USD)","Recoup (USD)"
"2026-07-31","2026-07-31","2026-06","Facebook (Social Media Pack)","T. Work/The Workman Experience","RIDE WIT ME","QT3F32617480","883086547122","102","100","Song","US","0.00000","0.002745432646",
"2026-07-31","2026-07-31","2026-06","Facebook (Social Media Pack)","T. Work/The Workman Experience","RIDE WIT ME","QT3F32617480","883086547122","21","100","Song","OU","0.00000","0.000565236139",
"2026-07-31","2026-07-31","2026-06","Facebook (Social Media Pack)","T. Work/The Workman Experience","Lone Star Rally Day 2 Headley Park Country v1","QT6G72590251","199939291976","1","100","Song","OU","0.00000","0.000026916006",
"2026-07-31","2026-07-31","2026-06","Facebook (Social Media Pack)","T. Work/The Workman Experience","24 Hours In The Zone Anthem Trap v4","QT6FK2548235","199944510901","2","100","Song","OU","0.00000","0.000053832013",
"2026-07-31","2026-07-31","2026-06","Facebook","T. Work/The Workman Experience","Forward From Here","QZDA72602967","821530026762","1","100","Song","OU","0.00000","0.000570180278",
"2026-07-31","2026-07-31","2026-06","Facebook","T. Work/The Workman Experience","24 Hours In The Zone Drill v6","QT6FK2548237","199944510901","1","100","Song","US","0.00000","0.000570180278",
"2026-07-31","2026-07-31","2026-06","Tidal","T. Work/The Workman Experience","ROLL OUT TO THE GRID","QT3F32620376","883086535037","1","100","Song","GB","0.00000","0.006867239232",
"2026-07-31","2026-07-31","2026-06","Tidal","T. Work/The Workman Experience","24 Hours In The Zone Anthem Trap v4","QT6FK2548235","199944510901","2","100","Song","US","0.00000","0.024375819985",
"2026-07-31","2026-07-31","2026-05","TikTok","T. Work/The Workman Experience","24 Hours in The Zone","QT3F32645228","883086527308","1","100","Song","GH","0.00000","0.000945064806",
"2026-07-31","2026-07-31","2026-04","TikTok","T. Work/The Workman Experience","24 Hours In The Zone Early Classic Trap v2","QT6FK2548233","199944510901","1","100","Song","ID","0.00000","0.001020670818",
"2026-07-23","2026-07-23","2026-05","Facebook (Social Media Pack)","T. Work/The Workman Experience","RIDE WIT ME","QT3F32617480","883086547122","15","100","Song","US","0.00000","0.000453018102",
"2026-07-23","2026-07-23","2026-05","Facebook (Social Media Pack)","T. Work/The Workman Experience","RIDE WIT ME","QT3F32617480","883086547122","8","100","Song","OU","0.00000","0.000241609657",
"2026-07-23","2026-07-23","2026-05","Facebook (Social Media Pack)","T. Work/The Workman Experience","Lone Star Rally Saturday Night HR Party","QZFZ32678230","199934966992","9","100","Song","US","0.00000","0.000271810861",
"2026-07-23","2026-07-23","2026-05","Facebook (Social Media Pack)","T. Work/The Workman Experience","Lone Star Rally Saturday Night HR Party","QZFZ32678230","199934966992","1","100","Song","OU","0.00000","0.000030201207",
"2026-07-23","2026-07-23","2026-05","Facebook (Social Media Pack)","T. Work/The Workman Experience","Lone Star Rally SATURDAY NIGHT Closing Out the Night v4","QZFZ32678227","199934966992","9","100","Song","US","0.00000","0.000271810861",
"2026-07-23","2026-07-23","2026-05","Facebook (Social Media Pack)","T. Work/The Workman Experience","Lone Star Rally SATURDAY NIGHT Closing Out the Night v4","QZFZ32678227","199934966992","1","100","Song","OU","0.00000","0.000030201207",
"2026-07-23","2026-07-23","2026-05","Facebook (Social Media Pack)","T. Work/The Workman Experience","Lone Star Rally Closing Out the Night v13","QZFZ32678226","199934966992","1","100","Song","US","0.00000","0.000030201207",
"2026-07-23","2026-07-23","2026-05","Facebook (Social Media Pack)","T. Work/The Workman Experience","Lone Star Rally Closing Out the Night v14","QZFZ32678225","199934966992","9","100","Song","US","0.00000","0.000271810861",
"2026-07-23","2026-07-23","2026-05","Facebook (Social Media Pack)","T. Work/The Workman Experience","Lone Star Rally Closing Out the Night v14","QZFZ32678225","199934966992","1","100","Song","OU","0.00000","0.000030201207",
"2026-07-23","2026-07-23","2026-05","Facebook (Social Media Pack)","T. Work/The Workman Experience","Lone Star Rally PIER 21 v1","QT6G72590254","199939291976","9","100","Song","US","0.00000","0.000271810861",
"2026-07-23","2026-07-23","2026-05","Facebook (Social Media Pack)","T. Work/The Workman Experience","Lone Star Rally PIER 21 v1","QT6G72590254","199939291976","1","100","Song","OU","0.00000","0.000030201207",
"2026-07-23","2026-07-23","2026-05","Facebook (Social Media Pack)","T. Work/The Workman Experience","Lone Star Rally PIER 21 v2","QT6G72590253","199939291976","2","100","Song","US","0.00000","0.000060402412",
"2026-07-23","2026-07-23","2026-05","Facebook (Social Media Pack)","T. Work/The Workman Experience","Lone Star Rally Day 2 Headley Park Country v1","QT6G72590251","199939291976","2","100","Song","US","0.00000","0.000060402412",
"2026-07-23","2026-07-23","2026-05","Facebook (Social Media Pack)","T. Work/The Workman Experience","Lone Star Rally Day 2 Headley Park Country v1","QT6G72590251","199939291976","1","100","Song","OU","0.00000","0.000030201207",
"2026-07-23","2026-07-23","2026-05","Facebook (Social Media Pack)","T. Work/The Workman Experience","Lone Star Rally Instrument v2","QT6G72590250","199939291976","1","100","Song","US","0.00000","0.000030201207",
"2026-07-23","2026-07-23","2026-05","Facebook (Social Media Pack)","T. Work/The Workman Experience","Lone Star Rally Instrument v2","QT6G72590250","199939291976","1","100","Song","OU","0.00000","0.000030201207",
"2026-07-23","2026-07-23","2026-05","Facebook (Social Media Pack)","T. Work/The Workman Experience","Lone Star Rally INTRO HYPE COUNTRY","QT6FY2597921","199942850061","1","100","Song","US","0.00000","0.000030201207",
"2026-07-23","2026-07-23","2026-05","Facebook (Social Media Pack)","T. Work/The Workman Experience","24 Hours In The Zone Drill v6","QT6FK2548237","199944510901","9","100","Song","US","0.00000","0.000271810861",
"2026-07-23","2026-07-23","2026-05","Facebook (Social Media Pack)","T. Work/The Workman Experience","24 Hours In The Zone Drill v6","QT6FK2548237","199944510901","1","100","Song","OU","0.00000","0.000030201207",
"2026-07-23","2026-07-23","2026-05","Facebook (Social Media Pack)","T. Work/The Workman Experience","24 Hours In The Zone Anthem Trap v4","QT6FK2548235","199944510901","1","100","Song","US","0.00000","0.000030201207",
"2026-07-23","2026-07-23","2026-05","Facebook (Social Media Pack)","T. Work/The Workman Experience","24 Hours In The Zone Anthem Trap v4","QT6FK2548235","199944510901","4","100","Song","OU","0.00000","0.000120804827",
"2026-07-23","2026-07-23","2026-05","Facebook (Social Media Pack)","T. Work/The Workman Experience","24 Hours In The Zone 2015 Late Trap v3","QT6FK2548234","199944510901","1","100","Song","US","0.00000","0.000030201207",
"2026-07-23","2026-07-23","2026-05","Facebook (Social Media Pack)","T. Work/The Workman Experience","24 Hours In The Zone v1 (TX Country Rap Version)","QT6FK2550455","199944510925","8","100","Song","US","0.00000","0.000241609654",
"2026-07-23","2026-07-23","2026-05","Facebook (Social Media Pack)","T. Work/The Workman Experience","24 Hours In The Zone v1 (TX Country Rap Version)","QT6FK2550455","199944510925","1","100","Song","OU","0.00000","0.000030201207",
"2026-07-23","2026-07-23","2026-06","YouTube (Ads) - Composition","T. Work/The Workman Experience","LONE STAR RALLY DAY 1 Hip Hop Indie","QT6FY2597922","199942850061","1","100","Song","US","0.00000","0.000588544992",
"2026-07-23","2026-07-23","2026-06","YouTube (Ads) - Composition","T. Work/The Workman Experience","Lone Star Rally INTRO HYPE COUNTRY","QT6FY2597921","199942850061","1","100","Song","US","0.00000","0.000588544992",
"2026-07-23","2026-07-23","2026-06","YouTube (Ads) - Composition","T. Work/The Workman Experience","Lone Star Rally Country Anthem (Travel Anthem with Southern Rally Energy)","QT6FY2597920","199942850061","1","100","Song","US","0.00000","0.000588544992",
"2026-07-23","2026-07-23","2026-06","YouTube (ContentID)","T. Work/The Workman Experience","LONE STAR RALLY DAY 1 Hip Hop Indie","QT6FY2597922","199942850061","1","100","Song","US","0.00000","0.001177089985",
"2026-07-23","2026-07-23","2026-06","YouTube (ContentID)","T. Work/The Workman Experience","Lone Star Rally INTRO HYPE COUNTRY","QT6FY2597921","199942850061","1","100","Song","US","0.00000","0.001177089985",
"2026-07-23","2026-07-23","2026-06","YouTube (ContentID)","T. Work/The Workman Experience","Lone Star Rally Country Anthem (Travel Anthem with Southern Rally Energy)","QT6FY2597920","199942850061","1","100","Song","US","0.00000","0.001177089985",
"2026-07-23","2026-07-23","2026-06","YouTube (Red)","T. Work/The Workman Experience","We Pulling Up","QT3F32617471","883086547122","1","100","Song","TR","0.00000","0.001326884889",
"2026-07-23","2026-07-23","2026-06","YouTube (Red)","T. Work/The Workman Experience","LOW COUNTRY RIDERS","QT3F32617470","883086547122","1","100","Song","US","0.00000","0.017777763934",
"2026-07-23","2026-07-23","2026-06","YouTube (Red)","T. Work/The Workman Experience","LOW COUNTRY RIDERS","QT3F32617470","883086547122","1","100","Song","TR","0.00000","0.001326884889",
"2026-07-23","2026-07-23","2026-06","YouTube (Red)","T. Work/The Workman Experience","LOW COUNTRY RIDERS","QT3F32617470","883086547122","1","100","Song","AR","0.00000","0.001404713748",
"2026-07-23","2026-07-23","2026-06","YouTube (Red)","T. Work/The Workman Experience","Under The Load I-35 Harley Run","QT3F32608457","883086604993","1","100","Song","US","0.00000","0.007365059110",
"2026-07-23","2026-07-23","2026-06","YouTube (Red)","T. Work/The Workman Experience","Tech Deep Dive","QT3F32608455","883086604993","1","100","Song","US","0.00000","0.007365059110",
"2026-07-23","2026-07-23","2026-06","YouTube (Red)","T. Work/The Workman Experience","Move Under The Load Vibe 2","QT3F32608453","883086604993","1","100","Song","US","0.00000","0.007365059110",
"2026-07-23","2026-07-23","2026-06","YouTube (Red)","T. Work/The Workman Experience","I-35 Harley RUN On Twos","QT3F32608452","883086604993","3","100","Song","US","0.00000","0.025066384835",
"2026-07-23","2026-07-23","2026-06","YouTube (Red)","T. Work/The Workman Experience","i 35 S Temple to Round Rock","QT3F32608451","883086604993","1","100","Song","US","0.00000","0.007365059110",
"2026-07-23","2026-07-23","2026-06","YouTube (Red)","T. Work/The Workman Experience","Horny T Monotony","QT3F32608450","883086604993","1","100","Song","US","0.00000","0.017777763934",
"2026-07-23","2026-07-23","2026-06","YouTube (Red)","T. Work/The Workman Experience","Lone Star Rally Closing Out the Night v14","QZFZ32678225","199934966992","1","100","Song","US","0.00000","0.017777763934",
"2026-07-23","2026-07-23","2026-06","YouTube (Red)","T. Work/The Workman Experience","24 Hours In The Zone Drill v6","QT6FK2548237","199944510901","1","100","Song","US","0.00000","0.017777763934",
"2026-07-23","2026-07-23","2026-06","YouTube (Red)","T. Work/The Workman Experience","24 Hours In The Zone Anthem Trap v4","QT6FK2548235","199944510901","1","100","Song","US","0.00000","0.017777763934",
"2026-07-23","2026-07-23","2026-06","YouTube (Red)","T. Work/The Workman Experience","24 Hours In The Zone 2015 Late Trap v3","QT6FK2548234","199944510901","1","100","Song","US","0.00000","0.017777763934",
"2026-07-23","2026-07-23","2026-06","YouTube (Red)","T. Work/The Workman Experience","24 Hours In The Zone Early Classic Trap v2","QT6FK2548233","199944510901","1","100","Song","US","0.00000","0.017777763934",
"2026-07-23","2026-07-23","2026-06","YouTube (Red)","T. Work/The Workman Experience","24 Hours In The Zone v1 (TX Country Rap Version)","QT6FK2550455","199944510925","1","100","Song","US","0.00000","0.017777763934",
"2026-07-23","2026-07-23","2026-06","YouTube (ContentID)","T. Work/The Workman Experience","RIDE WIT ME","QT3F32617480","883086547122","6","100","Song","US","0.00000","0.022489497158",
"2026-07-23","2026-07-23","2026-06","YouTube (Ads)","T. Work/The Workman Experience","East Coast Bagger","QT3F32620374","883086535037","1","100","Song","US","0.00000","0.005084980709",
"2026-07-23","2026-07-23","2026-06","YouTube (Ads)","T. Work/The Workman Experience","Memphis Ride Through Daytona (Vibe)","QT3F32617496","883086547122","1","100","Song","BR","0.00000","0.000859403764",
"2026-07-23","2026-07-23","2026-06","YouTube (Ads)","T. Work/The Workman Experience","Main Street (Trike FLEX Full Ride)","QT3F32617492","883086547122","1","100","Song","BR","0.00000","0.000051480176",
"2026-07-23","2026-07-23","2026-06","YouTube (Ads)","T. Work/The Workman Experience","Main Street (Trike FLEX Low Country)","QT3F32617491","883086547122","1","100","Song","BR","0.00000","0.000066714106",
"2026-07-23","2026-07-23","2026-06","YouTube (Ads)","T. Work/The Workman Experience","RIDE WIT ME","QT3F32617480","883086547122","1","100","Song","BR","0.00000","0.000069340646",
"2026-07-23","2026-07-23","2026-06","YouTube (Ads)","T. Work/The Workman Experience","We Outside Chant","QT3F32617474","883086547122","2","100","Song","US","0.00000","0.014853606873",
"2026-07-23","2026-07-23","2026-06","YouTube (Ads)","T. Work/The Workman Experience","LOW COUNTRY RIDERS","QT3F32617470","883086547122","23","100","Song","VN","0.00000","0.000897225935",
"2026-07-23","2026-07-23","2026-06","YouTube (Ads)","T. Work/The Workman Experience","LOW COUNTRY RIDERS","QT3F32617470","883086547122","1","100","Song","US","0.00000","0.008306168902",
"2026-07-23","2026-07-23","2026-06","YouTube (Ads)","T. Work/The Workman Experience","24 Hours In The Zone v1 (TX Country Rap Version)","QT6FK2550455","199944510925","1","100","Song","US","0.00000","0.000555250476",
"2026-07-22","2026-07-22","2026-06","Apple Music","T. Work/The Workman Experience","24 Hours in The Zone","QT3F32645228","883086527308","1","100","Song","US","0.00000","0.003680371696",
"2026-07-22","2026-07-22","2026-06","Apple Music","T. Work/The Workman Experience","Olive Green and Black","QT3F32617500","883086547122","3","100","Song","US","0.00000","0.011041115088",
"2026-07-22","2026-07-22","2026-06","Apple Music","T. Work/The Workman Experience","Bethune Blvd Ride","QT3F32617499","883086547122","4","100","Song","US","0.00000","0.014721486784",
"2026-07-22","2026-07-22","2026-06","Apple Music","T. Work/The Workman Experience","Go Go Roll'n Daytona (Vibe)","QT3F32617498","883086547122","7","100","Song","US","0.00000","0.025762601873",
"2026-07-22","2026-07-22","2026-06","Apple Music","T. Work/The Workman Experience","ATL HOU Roll Daytona","QT3F32617497","883086547122","6","100","Song","US","0.00000","0.022082230177",
"2026-07-22","2026-07-22","2026-06","Apple Music","T. Work/The Workman Experience","Memphis Ride Through Daytona (Vibe)","QT3F32617496","883086547122","9","100","Song","US","0.00000","0.033123345266",
"2026-07-22","2026-07-22","2026-06","Apple Music","T. Work/The Workman Experience","Low Country Ride Through","QT3F32617495","883086547122","6","100","Song","US","0.00000","0.022082230177",
"2026-07-22","2026-07-22","2026-06","Apple Music","T. Work/The Workman Experience","Gate 40 (King of Baggers)","QT3F32617494","883086547122","7","100","Song","US","0.00000","0.025762601873",
"2026-07-22","2026-07-22","2026-06","Apple Music","T. Work/The Workman Experience","3 Wheels Back to the Speedway","QT3F32617493","883086547122","9","100","Song","US","0.00000","0.033123345266",
"2026-07-22","2026-07-22","2026-06","Apple Music","T. Work/The Workman Experience","Main Street (Trike FLEX Full Ride)","QT3F32617492","883086547122","12","100","Song","US","0.00000","0.044164460354",
"2026-07-22","2026-07-22","2026-06","Apple Music","T. Work/The Workman Experience","Main Street (Trike FLEX Low Country)","QT3F32617491","883086547122","14","100","Song","US","0.00000","0.051525203747",
"2026-07-22","2026-07-22","2026-06","Apple Music","T. Work/The Workman Experience","Daytona, FL Sunrise Swagger (Instru)","QT3F32617490","883086547122","9","100","Song","US","0.00000","0.033123345266",
"2026-07-22","2026-07-22","2026-06","Apple Music","T. Work/The Workman Experience","FINAL LEG (A1A to Renaissance) Ext","QT3F32617489","883086547122","9","100","Song","US","0.00000","0.033123345266",
"2026-07-22","2026-07-22","2026-06","Apple Music","T. Work/The Workman Experience","FINAL LEG (A1A to Renaissance Hotel)","QT3F32617488","883086547122","10","100","Song","US","0.00000","0.036803716962",
"2026-07-22","2026-07-22","2026-06","Apple Music","T. Work/The Workman Experience","H-D LEGACY (Let’Em Ride)","QT3F32617487","883086547122","18","100","Song","US","0.00000","0.066246690532",
"2026-07-22","2026-07-22","2026-06","Apple Music","T. Work/The Workman Experience","ROAD GLIDE LEGACY (Duval to Daytona) rm","QT3F32617486","883086547122","11","100","Song","US","0.00000","0.040484088658",
"2026-07-22","2026-07-22","2026-06","Apple Music","T. Work/The Workman Experience","East Coast (INSTR)","QT3F32617485","883086547122","9","100","Song","US","0.00000","0.033123345266",
"2026-07-22","2026-07-22","2026-06","Apple Music","T. Work/The Workman Experience","Let 'Em Ride (NYC Vibe)","QT3F32617484","883086547122","10","100","Song","US","0.00000","0.036803716962",
"2026-07-22","2026-07-22","2026-06","Apple Music","T. Work/The Workman Experience","Let 'Em Ride (Vibe)","QT3F32617483","883086547122","14","100","Song","US","0.00000","0.051525203747",
"2026-07-22","2026-07-22","2026-06","Apple Music","T. Work/The Workman Experience","JEKYLL Isle to DAYTONA","QT3F32617482","883086547122","14","100","Song","US","0.00000","0.051525203747",
"2026-07-22","2026-07-22","2026-06","Apple Music","T. Work/The Workman Experience","Coast Line Run","QT3F32617481","883086547122","13","100","Song","US","0.00000","0.047844832051",
"2026-07-22","2026-07-22","2026-06","Apple Music","T. Work/The Workman Experience","RIDE WIT ME","QT3F32617480","883086547122","14","100","Song","US","0.00000","0.051525203747",
"2026-07-22","2026-07-22","2026-06","Apple Music","T. Work/The Workman Experience","99 North to 95 South","QT3F32617479","883086547122","14","100","Song","US","0.00000","0.051525203747",
"2026-07-22","2026-07-22","2026-06","Apple Music","T. Work/The Workman Experience","Cables & Causeway","QT3F32617478","883086547122","16","100","Song","US","0.00000","0.058885947139",
"2026-07-22","2026-07-22","2026-06","Apple Music","T. Work/The Workman Experience","So We Glide Chant","QT3F32617477","883086547122","1","100","Song","US","0.00000","0.003680371696",
"2026-07-22","2026-07-22","2026-06","Apple Music","T. Work/The Workman Experience","We Outside (So We Glide)","QT3F32617476","883086547122","19","100","Song","US","0.00000","0.069927062228",
"2026-07-22","2026-07-22","2026-06","Apple Music","T. Work/The Workman Experience","Pick Your Ride chant","QT3F32617475","883086547122","18","100","Song","US","0.00000","0.066246690532",
"2026-07-22","2026-07-22","2026-06","Apple Music","T. Work/The Workman Experience","We Outside Chant","QT3F32617474","883086547122","20","100","Song","US","0.00000","0.073607433924",
"2026-07-22","2026-07-22","2026-06","Apple Music","T. Work/The Workman Experience","Gliding At 4AM","QT3F32617473","883086547122","14","100","Song","US","0.00000","0.051525203747",
"2026-07-22","2026-07-22","2026-06","Apple Music","T. Work/The Workman Experience","Chill N Glide","QT3F32617472","883086547122","20","100","Song","US","0.00000","0.073607433924",
"2026-07-22","2026-07-22","2026-06","Apple Music","T. Work/The Workman Experience","We Pulling Up","QT3F32617471","883086547122","20","100","Song","US","0.00000","0.073607433924",
"2026-07-22","2026-07-22","2026-06","Apple Music","T. Work/The Workman Experience","LOW COUNTRY RIDERS","QT3F32617470","883086547122","19","100","Song","US","0.00000","0.069927062228",
"2026-07-22","2026-07-22","2026-06","Apple Music","T. Work/The Workman Experience","Under The Load I-35 Harley Run","QT3F32608457","883086604993","1","100","Song","US","0.00000","0.003680371696",
"2026-07-22","2026-07-22","2026-06","Apple Music","T. Work/The Workman Experience","Under The Load Harley Run","QT3F32608456","883086604993","2","100","Song","US","0.00000","0.007360743392",
"2026-07-22","2026-07-22","2026-06","Apple Music","T. Work/The Workman Experience","Tech Deep Dive","QT3F32608455","883086604993","2","100","Song","US","0.00000","0.007360743392",
"2026-07-22","2026-07-22","2026-06","Apple Music","T. Work/The Workman Experience","Pressure On The Slab","QT3F32608454","883086604993","2","100","Song","US","0.00000","0.007360743392",
"2026-07-22","2026-07-22","2026-06","Apple Music","T. Work/The Workman Experience","Move Under The Load Vibe 2","QT3F32608453","883086604993","2","100","Song","US","0.00000","0.007360743392",
"2026-07-22","2026-07-22","2026-06","Apple Music","T. Work/The Workman Experience","I-35 Harley RUN On Twos","QT3F32608452","883086604993","2","100","Song","US","0.00000","0.007360743392",
"2026-07-22","2026-07-22","2026-06","Apple Music","T. Work/The Workman Experience","i 35 S Temple to Round Rock","QT3F32608451","883086604993","2","100","Song","US","0.00000","0.007360743392",
"2026-07-22","2026-07-22","2026-06","Apple Music","T. Work/The Workman Experience","Horny T Monotony","QT3F32608450","883086604993","2","100","Song","US","0.00000","0.007360743392",
"2026-07-22","2026-07-22","2026-06","Apple Music","T. Work/The Workman Experience","Lone Star Rally HARD RIDERS MC — FRIDAY NIGHT PARTY","QT6G72590259","199939291976","2","100","Song","US","0.00000","0.007360743392",
"2026-07-22","2026-07-22","2026-06","Apple Music","T. Work/The Workman Experience","Lone Star Rally LONE STAR NIGHT RIDING","QT6G72590258","199939291976","1","100","Song","US","0.00000","0.003680371696",
"2026-07-22","2026-07-22","2026-06","Apple Music","T. Work/The Workman Experience","Lone Star Rally THE STRAND (NIGHT) + FRIDAY RIDE","QT6G72590257","199939291976","1","100","Song","US","0.00000","0.003680371696",
"2026-07-22","2026-07-22","2026-06","Apple Music","T. Work/The Workman Experience","Lone Star Rally THE SET MEET UP (7 DAYS CITGO) v6","QT6G72590256","199939291976","1","100","Song","US","0.00000","0.003680371696",
"2026-07-22","2026-07-22","2026-06","Apple Music","T. Work/The Workman Experience","Lone Star Rally THE SET -MEET UP at 7 DAYS CITGO v3","QT6G72590255","199939291976","1","100","Song","US","0.00000","0.003680371696",
"2026-07-22","2026-07-22","2026-06","Apple Music","T. Work/The Workman Experience","Lone Star Rally PIER 21 v1","QT6G72590254","199939291976","1","100","Song","US","0.00000","0.003680371696",
"2026-07-22","2026-07-22","2026-06","Apple Music","T. Work/The Workman Experience","Lone Star Rally PIER 21 v2","QT6G72590253","199939291976","1","100","Song","US","0.00000","0.003680371696",
"2026-07-22","2026-07-22","2026-06","Apple Music","T. Work/The Workman Experience","Lone Star Rally SEAWALL BLVD v2","QT6G72590252","199939291976","1","100","Song","US","0.00000","0.003680371696",
"2026-07-22","2026-07-22","2026-06","Apple Music","T. Work/The Workman Experience","Lone Star Rally Day 2 Headley Park Country v1","QT6G72590251","199939291976","2","100","Song","US","0.00000","0.007360743392",
"2026-07-22","2026-07-22","2026-06","Apple Music","T. Work/The Workman Experience","Lone Star Rally Instrument v2","QT6G72590250","199939291976","2","100","Song","US","0.00000","0.007360743392",
"2026-07-22","2026-07-22","2026-06","Apple Music","T. Work/The Workman Experience","24 Hours In The Zone Drill v6","QT6FK2548237","199944510901","1","100","Song","US","0.00000","0.003680371696",
"2026-07-22","2026-07-22","2026-06","Apple Music","T. Work/The Workman Experience","24 Hours In The Zone Anthem Trap v4","QT6FK2548235","199944510901","2","100","Song","US","0.00000","0.007360743392",
"2026-07-22","2026-07-22","2026-06","Apple Music","T. Work/The Workman Experience","24 Hours In The Zone Early Classic Trap v2","QT6FK2548233","199944510901","1","100","Song","US","0.00000","0.003680371696",
"2026-07-22","2026-07-22","2026-06","Apple Music","T. Work/The Workman Experience","24 Hours In The Zone v1 (TX Country Rap Version)","QT6FK2550455","199944510925","1","100","Song","US","0.00000","0.003680371696",
"2026-07-13","2026-07-13","2026-03","NetEase","T. Work/The Workman Experience","Lone Star Rally Closing Out the Night v14","QZFZ32678225","199934966992","1","100","Song","US","0.00000","0.000484210648",
"2026-07-10","2026-07-10","2026-05","Tidal","T. Work/The Workman Experience","24 Hours In The Zone Anthem Trap v4","QT6FK2548235","199944510901","2","100","Song","US","0.00000","0.023120974425",
"2026-06-24","2026-06-24","2026-05","YouTube (Ads) - Composition","T. Work/The Workman Experience","LONE STAR RALLY DAY 1 Hip Hop Indie","QT6FY2597922","199942850061","8","100","Song","US","0.00000","0.010347621725",
"2026-06-24","2026-06-24","2026-05","YouTube (Ads) - Composition","T. Work/The Workman Experience","Lone Star Rally INTRO HYPE COUNTRY","QT6FY2597921","199942850061","8","100","Song","US","0.00000","0.010347621725",
"2026-06-24","2026-06-24","2026-05","YouTube (Ads) - Composition","T. Work/The Workman Experience","Lone Star Rally Country Anthem (Travel Anthem with Southern Rally Energy)","QT6FY2597920","199942850061","8","100","Song","US","0.00000","0.010347621725",
"2026-06-24","2026-06-24","2026-05","YouTube (ContentID)","T. Work/The Workman Experience","Lone Star Rally HARD RIDERS MC — FRIDAY NIGHT PARTY copy 2","QT6G72590261","199939291976","4","100","Song","US","0.00000","0.002708023618",
"2026-06-24","2026-06-24","2026-05","YouTube (ContentID)","T. Work/The Workman Experience","Lone Star Rally HARD RIDERS MC — FRIDAY NIGHT PARTY copy 2","QT6G72590261","199939291976","1","100","Song","IN","0.00000","0.000019539604",
"2026-06-24","2026-06-24","2026-05","YouTube (ContentID)","T. Work/The Workman Experience","Lone Star Rally HARD RIDERS MC — FRIDAY NIGHT PARTY copy 2","QT6G72590261","199939291976","1","100","Song","ID","0.00000","0.000046072891",
"2026-06-24","2026-06-24","2026-05","YouTube (ContentID)","T. Work/The Workman Experience","Lone Star Rally HARD RIDERS MC — FRIDAY NIGHT PARTY copy","QT6G72590260","199939291976","4","100","Song","US","0.00000","0.002708023618",
"2026-06-24","2026-06-24","2026-05","YouTube (ContentID)","T. Work/The Workman Experience","Lone Star Rally HARD RIDERS MC — FRIDAY NIGHT PARTY copy","QT6G72590260","199939291976","1","100","Song","IN","0.00000","0.000019539604",
"2026-06-24","2026-06-24","2026-05","YouTube (ContentID)","T. Work/The Workman Experience","Lone Star Rally HARD RIDERS MC — FRIDAY NIGHT PARTY copy","QT6G72590260","199939291976","1","100","Song","ID","0.00000","0.000046072891",
"2026-06-24","2026-06-24","2026-05","YouTube (ContentID)","T. Work/The Workman Experience","Lone Star Rally HARD RIDERS MC — FRIDAY NIGHT PARTY","QT6G72590259","199939291976","4","100","Song","US","0.00000","0.002708023618",
"2026-06-24","2026-06-24","2026-05","YouTube (ContentID)","T. Work/The Workman Experience","Lone Star Rally HARD RIDERS MC — FRIDAY NIGHT PARTY","QT6G72590259","199939291976","1","100","Song","IN","0.00000","0.000019539604",
"2026-06-24","2026-06-24","2026-05","YouTube (ContentID)","T. Work/The Workman Experience","Lone Star Rally HARD RIDERS MC — FRIDAY NIGHT PARTY","QT6G72590259","199939291976","1","100","Song","ID","0.00000","0.000046072891",
"2026-06-24","2026-06-24","2026-05","YouTube (ContentID)","T. Work/The Workman Experience","Lone Star Rally LONE STAR NIGHT RIDING","QT6G72590258","199939291976","4","100","Song","US","0.00000","0.002708023618",
"2026-06-24","2026-06-24","2026-05","YouTube (ContentID)","T. Work/The Workman Experience","Lone Star Rally LONE STAR NIGHT RIDING","QT6G72590258","199939291976","1","100","Song","IN","0.00000","0.000019539604",
"2026-06-24","2026-06-24","2026-05","YouTube (ContentID)","T. Work/The Workman Experience","Lone Star Rally LONE STAR NIGHT RIDING","QT6G72590258","199939291976","1","100","Song","ID","0.00000","0.000046072891",
"2026-06-24","2026-06-24","2026-05","YouTube (ContentID)","T. Work/The Workman Experience","Lone Star Rally THE STRAND (NIGHT) + FRIDAY RIDE","QT6G72590257","199939291976","4","100","Song","US","0.00000","0.002708023618",
"2026-06-24","2026-06-24","2026-05","YouTube (ContentID)","T. Work/The Workman Experience","Lone Star Rally THE STRAND (NIGHT) + FRIDAY RIDE","QT6G72590257","199939291976","1","100","Song","IN","0.00000","0.000019539604",
"2026-06-24","2026-06-24","2026-05","YouTube (ContentID)","T. Work/The Workman Experience","Lone Star Rally THE STRAND (NIGHT) + FRIDAY RIDE","QT6G72590257","199939291976","1","100","Song","ID","0.00000","0.000046072891",
"2026-06-24","2026-06-24","2026-05","YouTube (ContentID)","T. Work/The Workman Experience","Lone Star Rally THE SET MEET UP (7 DAYS CITGO) v6","QT6G72590256","199939291976","4","100","Song","US","0.00000","0.002708023618",
"2026-06-24","2026-06-24","2026-05","YouTube (ContentID)","T. Work/The Workman Experience","Lone Star Rally THE SET MEET UP (7 DAYS CITGO) v6","QT6G72590256","199939291976","1","100","Song","IN","0.00000","0.000019539604",
"2026-06-24","2026-06-24","2026-05","YouTube (ContentID)","T. Work/The Workman Experience","Lone Star Rally THE SET MEET UP (7 DAYS CITGO) v6","QT6G72590256","199939291976","1","100","Song","ID","0.00000","0.000046072891",
"2026-06-24","2026-06-24","2026-05","YouTube (ContentID)","T. Work/The Workman Experience","Lone Star Rally THE SET -MEET UP at 7 DAYS CITGO v3","QT6G72590255","199939291976","4","100","Song","US","0.00000","0.002708023618",
"2026-06-24","2026-06-24","2026-05","YouTube (ContentID)","T. Work/The Workman Experience","Lone Star Rally THE SET -MEET UP at 7 DAYS CITGO v3","QT6G72590255","199939291976","1","100","Song","IN","0.00000","0.000019539604",
"2026-06-24","2026-06-24","2026-05","YouTube (ContentID)","T. Work/The Workman Experience","Lone Star Rally THE SET -MEET UP at 7 DAYS CITGO v3","QT6G72590255","199939291976","1","100","Song","ID","0.00000","0.000046072891",
"2026-06-24","2026-06-24","2026-05","YouTube (ContentID)","T. Work/The Workman Experience","Lone Star Rally PIER 21 v1","QT6G72590254","199939291976","4","100","Song","US","0.00000","0.002708023618",
"2026-06-24","2026-06-24","2026-05","YouTube (ContentID)","T. Work/The Workman Experience","Lone Star Rally PIER 21 v1","QT6G72590254","199939291976","1","100","Song","IN","0.00000","0.000019539604",
"2026-06-24","2026-06-24","2026-05","YouTube (ContentID)","T. Work/The Workman Experience","Lone Star Rally PIER 21 v1","QT6G72590254","199939291976","1","100","Song","ID","0.00000","0.000046072891",
"2026-06-24","2026-06-24","2026-05","YouTube (ContentID)","T. Work/The Workman Experience","Lone Star Rally PIER 21 v2","QT6G72590253","199939291976","4","100","Song","US","0.00000","0.002708023618",
"2026-06-24","2026-06-24","2026-05","YouTube (ContentID)","T. Work/The Workman Experience","Lone Star Rally PIER 21 v2","QT6G72590253","199939291976","1","100","Song","IN","0.00000","0.000019539604",
"2026-06-24","2026-06-24","2026-05","YouTube (ContentID)","T. Work/The Workman Experience","Lone Star Rally PIER 21 v2","QT6G72590253","199939291976","1","100","Song","ID","0.00000","0.000046072891",
"2026-06-24","2026-06-24","2026-05","YouTube (ContentID)","T. Work/The Workman Experience","Lone Star Rally SEAWALL BLVD v2","QT6G72590252","199939291976","4","100","Song","US","0.00000","0.002708023618",
"2026-06-24","2026-06-24","2026-05","YouTube (ContentID)","T. Work/The Workman Experience","Lone Star Rally SEAWALL BLVD v2","QT6G72590252","199939291976","1","100","Song","IN","0.00000","0.000019539604",
"2026-06-24","2026-06-24","2026-05","YouTube (ContentID)","T. Work/The Workman Experience","Lone Star Rally SEAWALL BLVD v2","QT6G72590252","199939291976","1","100","Song","ID","0.00000","0.000046072891",
"2026-06-24","2026-06-24","2026-05","YouTube (ContentID)","T. Work/The Workman Experience","Lone Star Rally Day 2 Headley Park Country v1","QT6G72590251","199939291976","4","100","Song","US","0.00000","0.002708023618",
"2026-06-24","2026-06-24","2026-05","YouTube (ContentID)","T. Work/The Workman Experience","Lone Star Rally Day 2 Headley Park Country v1","QT6G72590251","199939291976","1","100","Song","IN","0.00000","0.000019539604",
"2026-06-24","2026-06-24","2026-05","YouTube (ContentID)","T. Work/The Workman Experience","Lone Star Rally Day 2 Headley Park Country v1","QT6G72590251","199939291976","1","100","Song","ID","0.00000","0.000046072891",
"2026-06-24","2026-06-24","2026-05","YouTube (ContentID)","T. Work/The Workman Experience","LONE STAR RALLY DAY 1 Hip Hop Indie","QT6FY2597922","199942850061","8","100","Song","US","0.00000","0.020695243451",
"2026-06-24","2026-06-24","2026-05","YouTube (ContentID)","T. Work/The Workman Experience","LONE STAR RALLY DAY 1 Hip Hop Indie","QT6FY2597922","199942850061","2","100","Song","IL","0.00000","0.000656338501",
"2026-06-24","2026-06-24","2026-05","YouTube (ContentID)","T. Work/The Workman Experience","LONE STAR RALLY DAY 1 Hip Hop Indie","QT6FY2597922","199942850061","0","100","Song","BD","0.00000","0.000073353595",
"2026-06-24","2026-06-24","2026-05","YouTube (ContentID)","T. Work/The Workman Experience","Lone Star Rally INTRO HYPE COUNTRY","QT6FY2597921","199942850061","8","100","Song","US","0.00000","0.020695243451",
"2026-06-24","2026-06-24","2026-05","YouTube (ContentID)","T. Work/The Workman Experience","Lone Star Rally INTRO HYPE COUNTRY","QT6FY2597921","199942850061","2","100","Song","IL","0.00000","0.000656338501",
"2026-06-24","2026-06-24","2026-05","YouTube (ContentID)","T. Work/The Workman Experience","Lone Star Rally INTRO HYPE COUNTRY","QT6FY2597921","199942850061","0","100","Song","BD","0.00000","0.000073353595",
"2026-06-24","2026-06-24","2026-05","YouTube (ContentID)","T. Work/The Workman Experience","Lone Star Rally Country Anthem (Travel Anthem with Southern Rally Energy)","QT6FY2597920","199942850061","8","100","Song","US","0.00000","0.020695243451",
"2026-06-24","2026-06-24","2026-05","YouTube (ContentID)","T. Work/The Workman Experience","Lone Star Rally Country Anthem (Travel Anthem with Southern Rally Energy)","QT6FY2597920","199942850061","2","100","Song","IL","0.00000","0.000656338501",
"2026-06-24","2026-06-24","2026-05","YouTube (ContentID)","T. Work/The Workman Experience","Lone Star Rally Country Anthem (Travel Anthem with Southern Rally Energy)","QT6FY2597920","199942850061","0","100","Song","BD","0.00000","0.000073353595",
"2026-06-24","2026-06-24","2026-05","YouTube (ContentID)","T. Work/The Workman Experience","Lone Star Rally HARD RIDERS MC — FRIDAY NIGHT PARTY copy 2","QT6G72590261","199939291976","4","100","Song","US","0.00000","0.003783374738",
"2026-06-24","2026-06-24","2026-05","YouTube (ContentID)","T. Work/The Workman Experience","Lone Star Rally HARD RIDERS MC — FRIDAY NIGHT PARTY copy","QT6G72590260","199939291976","4","100","Song","US","0.00000","0.003783374738",
"2026-06-24","2026-06-24","2026-05","YouTube (ContentID)","T. Work/The Workman Experience","Lone Star Rally HARD RIDERS MC — FRIDAY NIGHT PARTY","QT6G72590259","199939291976","4","100","Song","US","0.00000","0.003783374738",
"2026-06-24","2026-06-24","2026-05","YouTube (ContentID)","T. Work/The Workman Experience","Lone Star Rally LONE STAR NIGHT RIDING","QT6G72590258","199939291976","4","100","Song","US","0.00000","0.003783374738",
"2026-06-24","2026-06-24","2026-05","YouTube (ContentID)","T. Work/The Workman Experience","Lone Star Rally THE STRAND (NIGHT) + FRIDAY RIDE","QT6G72590257","199939291976","4","100","Song","US","0.00000","0.003783374738",
"2026-06-24","2026-06-24","2026-05","YouTube (ContentID)","T. Work/The Workman Experience","Lone Star Rally THE SET MEET UP (7 DAYS CITGO) v6","QT6G72590256","199939291976","4","100","Song","US","0.00000","0.003783374738",
"2026-06-24","2026-06-24","2026-05","YouTube (ContentID)","T. Work/The Workman Experience","Lone Star Rally THE SET -MEET UP at 7 DAYS CITGO v3","QT6G72590255","199939291976","4","100","Song","US","0.00000","0.003783374738",
"2026-06-24","2026-06-24","2026-05","YouTube (ContentID)","T. Work/The Workman Experience","Lone Star Rally PIER 21 v1","QT6G72590254","199939291976","4","100","Song","US","0.00000","0.003783374738",
"2026-06-24","2026-06-24","2026-05","YouTube (ContentID)","T. Work/The Workman Experience","Lone Star Rally PIER 21 v2","QT6G72590253","199939291976","4","100","Song","US","0.00000","0.003783374738",
"2026-06-24","2026-06-24","2026-05","YouTube (ContentID)","T. Work/The Workman Experience","Lone Star Rally SEAWALL BLVD v2","QT6G72590252","199939291976","4","100","Song","US","0.00000","0.003783374738",
"2026-06-24","2026-06-24","2026-05","YouTube (ContentID)","T. Work/The Workman Experience","Lone Star Rally Day 2 Headley Park Country v1","QT6G72590251","199939291976","4","100","Song","US","0.00000","0.003783374738",
"2026-06-24","2026-06-24","2026-05","YouTube (ContentID)","T. Work/The Workman Experience","LONE STAR RALLY DAY 1 Hip Hop Indie","QT6FY2597922","199942850061","1","100","Song","GB","0.00000","0.001288657786",
"2026-06-24","2026-06-24","2026-05","YouTube (ContentID)","T. Work/The Workman Experience","Lone Star Rally INTRO HYPE COUNTRY","QT6FY2597921","199942850061","1","100","Song","GB","0.00000","0.001288657786",
"2026-06-24","2026-06-24","2026-05","YouTube (ContentID)","T. Work/The Workman Experience","Lone Star Rally Country Anthem (Travel Anthem with Southern Rally Energy)","QT6FY2597920","199942850061","1","100","Song","GB","0.00000","0.001288657786",
"2026-06-24","2026-06-24","2026-05","YouTube (Ads)","T. Work/The Workman Experience","ROAD GLIDE LEGACY (Duval to Daytona) rm","QT3F32617486","883086547122","1","100","Song","IT","0.00000","0.003600387253",
"2026-06-24","2026-06-24","2026-05","YouTube (Ads)","T. Work/The Workman Experience","LOW COUNTRY RIDERS","QT3F32617470","883086547122","0","100","Song","IN","0.00000","0.000410436789",
"2026-06-24","2026-06-24","2026-05","YouTube (Ads)","T. Work/The Workman Experience","Horny T Monotony","QT3F32608450","883086604993","1","100","Song","IN","0.00000","0.001745801555",
"2026-06-24","2026-06-24","2026-05","Apple Music","T. Work/The Workman Experience","Lone Star Rally SATURDAY NIGHT Closing Out the Night v4","QZFZ32678227","199934966992","2","100","Song","US","0.00000","0.008562651572",
"2026-06-24","2026-06-24","2026-05","Apple Music","T. Work/The Workman Experience","Lone Star Rally Closing Out the Night v13","QZFZ32678226","199934966992","1","100","Song","US","0.00000","0.004281325786",
"2026-06-24","2026-06-24","2026-05","Apple Music","T. Work/The Workman Experience","24 Hours In The Zone Drill v6","QT6FK2548237","199944510901","3","100","Song","US","0.00000","0.010737817090",
"2026-06-24","2026-06-24","2026-05","Apple Music","T. Work/The Workman Experience","24 Hours In The Zone Anthem Trap v4","QT6FK2548235","199944510901","3","100","Song","US","0.00000","0.010737817090",
"2026-06-24","2026-06-24","2026-05","Apple Music","T. Work/The Workman Experience","24 Hours In The Zone Early Classic Trap v2","QT6FK2548233","199944510901","3","100","Song","US","0.00000","0.010737817090",
"2026-06-18","2026-06-18","2026-04","Facebook (Social Media Pack)","T. Work/The Workman Experience","Lone Star Rally THE SET -MEET UP at 7 DAYS CITGO v3","QT6G72590255","199939291976","1","100","Song","OU","0.00000","0.000028377049",
"2026-06-18","2026-06-18","2026-04","Facebook (Social Media Pack)","T. Work/The Workman Experience","Lone Star Rally PIER 21 v1","QT6G72590254","199939291976","32","100","Song","US","0.00000","0.000908065570",
"2026-06-18","2026-06-18","2026-04","Facebook (Social Media Pack)","T. Work/The Workman Experience","Lone Star Rally PIER 21 v1","QT6G72590254","199939291976","2","100","Song","OU","0.00000","0.000056754098",
"2026-06-18","2026-06-18","2026-04","Facebook (Social Media Pack)","T. Work/The Workman Experience","Lone Star Rally Day 2 Headley Park Country v1","QT6G72590251","199939291976","39","100","Song","US","0.00000","0.001106704913",
"2026-06-18","2026-06-18","2026-04","Facebook (Social Media Pack)","T. Work/The Workman Experience","Lone Star Rally Day 2 Headley Park Country v1","QT6G72590251","199939291976","4","100","Song","OU","0.00000","0.000113508196",
"2026-06-18","2026-06-18","2026-04","Facebook (Social Media Pack)","T. Work/The Workman Experience","Lone Star Rally Instrument v2","QT6G72590250","199939291976","1","100","Song","US","0.00000","0.000028377049",
"2026-06-18","2026-06-18","2026-04","Facebook (Social Media Pack)","T. Work/The Workman Experience","24 Hours In The Zone Anthem Trap v4","QT6FK2548235","199944510901","1","100","Song","OU","0.00000","0.000028377049",
"2026-06-17","2026-06-17","2026-04","Amazon Prime (Streaming)","T. Work/The Workman Experience","Lone Star Rally SATURDAY NIGHT PARTY v1","QZFZ32678229","199934966992","1","100","Song","IN","0.00000","0.000657574040",
"2026-06-17","2026-06-17","2026-04","Tidal","T. Work/The Workman Experience","24 Hours In The Zone Anthem Trap v4","QT6FK2548235","199944510901","13","100","Song","US","0.00000","0.154472498728",
"2026-05-27","2026-05-27","2026-04","Apple Music","T. Work/The Workman Experience","Lone Star Rally SATURDAY NIGHT Closing Out the Night v4","QZFZ32678227","199934966992","14","100","Song","US","0.00000","0.060221156000",
"2026-05-27","2026-05-27","2026-04","Apple Music","T. Work/The Workman Experience","Lone Star Rally Closing Out the Night v13","QZFZ32678226","199934966992","15","100","Song","US","0.00000","0.064522667143",
"2026-05-27","2026-05-27","2026-04","Apple Music","T. Work/The Workman Experience","24 Hours In The Zone Drill v6","QT6FK2548237","199944510901","4","100","Song","US","0.00000","0.014457717991",
"2026-05-27","2026-05-27","2026-04","Apple Music","T. Work/The Workman Experience","24 Hours In The Zone Anthem Trap v4","QT6FK2548235","199944510901","6","100","Song","US","0.00000","0.021686576987",
"2026-05-27","2026-05-27","2026-04","Apple Music","T. Work/The Workman Experience","24 Hours In The Zone Early Classic Trap v2","QT6FK2548233","199944510901","4","100","Song","US","0.00000","0.014457717991",
"2026-05-22","2026-05-22","2026-04","YouTube (ContentID)","T. Work/The Workman Experience","Lone Star Rally HARD RIDERS MC — FRIDAY NIGHT PARTY copy 2","QT6G72590261","199939291976","7","100","Song","US","0.00000","0.004532921064",
"2026-05-22","2026-05-22","2026-04","YouTube (ContentID)","T. Work/The Workman Experience","Lone Star Rally HARD RIDERS MC — FRIDAY NIGHT PARTY copy 2","QT6G72590261","199939291976","1","100","Song","PT","0.00000","0.000074130323",
"2026-05-22","2026-05-22","2026-04","YouTube (ContentID)","T. Work/The Workman Experience","Lone Star Rally HARD RIDERS MC — FRIDAY NIGHT PARTY copy 2","QT6G72590261","199939291976","4","100","Song","IN","0.00000","0.000084701302",
"2026-05-22","2026-05-22","2026-04","YouTube (ContentID)","T. Work/The Workman Experience","Lone Star Rally HARD RIDERS MC — FRIDAY NIGHT PARTY copy 2","QT6G72590261","199939291976","21","100","Song","BD","0.00000","0.000452176287",
"2026-05-22","2026-05-22","2026-04","YouTube (ContentID)","T. Work/The Workman Experience","Lone Star Rally HARD RIDERS MC — FRIDAY NIGHT PARTY copy","QT6G72590260","199939291976","7","100","Song","US","0.00000","0.004532921064",
"2026-05-22","2026-05-22","2026-04","YouTube (ContentID)","T. Work/The Workman Experience","Lone Star Rally HARD RIDERS MC — FRIDAY NIGHT PARTY copy","QT6G72590260","199939291976","1","100","Song","PT","0.00000","0.000074130323",
"2026-05-22","2026-05-22","2026-04","YouTube (ContentID)","T. Work/The Workman Experience","Lone Star Rally HARD RIDERS MC — FRIDAY NIGHT PARTY copy","QT6G72590260","199939291976","4","100","Song","IN","0.00000","0.000084701302",
"2026-05-22","2026-05-22","2026-04","YouTube (ContentID)","T. Work/The Workman Experience","Lone Star Rally HARD RIDERS MC — FRIDAY NIGHT PARTY copy","QT6G72590260","199939291976","21","100","Song","BD","0.00000","0.000452176287",
"2026-05-22","2026-05-22","2026-04","YouTube (ContentID)","T. Work/The Workman Experience","Lone Star Rally HARD RIDERS MC — FRIDAY NIGHT PARTY","QT6G72590259","199939291976","7","100","Song","US","0.00000","0.004532921064",
"2026-05-22","2026-05-22","2026-04","YouTube (ContentID)","T. Work/The Workman Experience","Lone Star Rally HARD RIDERS MC — FRIDAY NIGHT PARTY","QT6G72590259","199939291976","1","100","Song","PT","0.00000","0.000074130323",
"2026-05-22","2026-05-22","2026-04","YouTube (ContentID)","T. Work/The Workman Experience","Lone Star Rally HARD RIDERS MC — FRIDAY NIGHT PARTY","QT6G72590259","199939291976","4","100","Song","IN","0.00000","0.000084701302",
"2026-05-22","2026-05-22","2026-04","YouTube (ContentID)","T. Work/The Workman Experience","Lone Star Rally HARD RIDERS MC — FRIDAY NIGHT PARTY","QT6G72590259","199939291976","21","100","Song","BD","0.00000","0.000452176287",
"2026-05-22","2026-05-22","2026-04","YouTube (ContentID)","T. Work/The Workman Experience","Lone Star Rally LONE STAR NIGHT RIDING","QT6G72590258","199939291976","7","100","Song","US","0.00000","0.004532921064",
"2026-05-22","2026-05-22","2026-04","YouTube (ContentID)","T. Work/The Workman Experience","Lone Star Rally LONE STAR NIGHT RIDING","QT6G72590258","199939291976","1","100","Song","PT","0.00000","0.000074130323",
"2026-05-22","2026-05-22","2026-04","YouTube (ContentID)","T. Work/The Workman Experience","Lone Star Rally LONE STAR NIGHT RIDING","QT6G72590258","199939291976","4","100","Song","IN","0.00000","0.000084701302",
"2026-05-22","2026-05-22","2026-04","YouTube (ContentID)","T. Work/The Workman Experience","Lone Star Rally LONE STAR NIGHT RIDING","QT6G72590258","199939291976","21","100","Song","BD","0.00000","0.000452176287",
"2026-05-22","2026-05-22","2026-04","YouTube (ContentID)","T. Work/The Workman Experience","Lone Star Rally THE STRAND (NIGHT) + FRIDAY RIDE","QT6G72590257","199939291976","7","100","Song","US","0.00000","0.004532921064",
"2026-05-22","2026-05-22","2026-04","YouTube (ContentID)","T. Work/The Workman Experience","Lone Star Rally THE STRAND (NIGHT) + FRIDAY RIDE","QT6G72590257","199939291976","1","100","Song","PT","0.00000","0.000074130323",
"2026-05-22","2026-05-22","2026-04","YouTube (ContentID)","T. Work/The Workman Experience","Lone Star Rally THE STRAND (NIGHT) + FRIDAY RIDE","QT6G72590257","199939291976","4","100","Song","IN","0.00000","0.000084701302",
"2026-05-22","2026-05-22","2026-04","YouTube (ContentID)","T. Work/The Workman Experience","Lone Star Rally THE STRAND (NIGHT) + FRIDAY RIDE","QT6G72590257","199939291976","21","100","Song","BD","0.00000","0.000452176287",
"2026-05-22","2026-05-22","2026-04","YouTube (ContentID)","T. Work/The Workman Experience","Lone Star Rally THE SET MEET UP (7 DAYS CITGO) v6","QT6G72590256","199939291976","1","100","Song","US","0.00000","0.000491310256",
"2026-05-22","2026-05-22","2026-04","YouTube (ContentID)","T. Work/The Workman Experience","Lone Star Rally THE SET MEET UP (7 DAYS CITGO) v6","QT6G72590256","199939291976","7","100","Song","US","0.00000","0.004532921064",
"2026-05-22","2026-05-22","2026-04","YouTube (ContentID)","T. Work/The Workman Experience","Lone Star Rally THE SET MEET UP (7 DAYS CITGO) v6","QT6G72590256","199939291976","1","100","Song","PT","0.00000","0.000074130323",
"2026-05-22","2026-05-22","2026-04","YouTube (ContentID)","T. Work/The Workman Experience","Lone Star Rally THE SET MEET UP (7 DAYS CITGO) v6","QT6G72590256","199939291976","4","100","Song","IN","0.00000","0.000084701302",
"2026-05-22","2026-05-22","2026-04","YouTube (ContentID)","T. Work/The Workman Experience","Lone Star Rally THE SET MEET UP (7 DAYS CITGO) v6","QT6G72590256","199939291976","21","100","Song","BD","0.00000","0.000452176287",
"2026-05-22","2026-05-22","2026-04","YouTube (ContentID)","T. Work/The Workman Experience","Lone Star Rally THE SET -MEET UP at 7 DAYS CITGO v3","QT6G72590255","199939291976","7","100","Song","US","0.00000","0.004532921064",
"2026-05-22","2026-05-22","2026-04","YouTube (ContentID)","T. Work/The Workman Experience","Lone Star Rally THE SET -MEET UP at 7 DAYS CITGO v3","QT6G72590255","199939291976","1","100","Song","PT","0.00000","0.000074130323",
"2026-05-22","2026-05-22","2026-04","YouTube (ContentID)","T. Work/The Workman Experience","Lone Star Rally THE SET -MEET UP at 7 DAYS CITGO v3","QT6G72590255","199939291976","4","100","Song","IN","0.00000","0.000084701302",
"2026-05-22","2026-05-22","2026-04","YouTube (ContentID)","T. Work/The Workman Experience","Lone Star Rally THE SET -MEET UP at 7 DAYS CITGO v3","QT6G72590255","199939291976","21","100","Song","BD","0.00000","0.000452176287",
"2026-05-22","2026-05-22","2026-04","YouTube (ContentID)","T. Work/The Workman Experience","Lone Star Rally PIER 21 v1","QT6G72590254","199939291976","7","100","Song","US","0.00000","0.004532921064",
"2026-05-22","2026-05-22","2026-04","YouTube (ContentID)","T. Work/The Workman Experience","Lone Star Rally PIER 21 v1","QT6G72590254","199939291976","1","100","Song","PT","0.00000","0.000074130323",
"2026-05-22","2026-05-22","2026-04","YouTube (ContentID)","T. Work/The Workman Experience","Lone Star Rally PIER 21 v1","QT6G72590254","199939291976","4","100","Song","IN","0.00000","0.000084701302",
"2026-05-22","2026-05-22","2026-04","YouTube (ContentID)","T. Work/The Workman Experience","Lone Star Rally PIER 21 v1","QT6G72590254","199939291976","21","100","Song","BD","0.00000","0.000452176287",
"2026-05-22","2026-05-22","2026-04","YouTube (ContentID)","T. Work/The Workman Experience","Lone Star Rally PIER 21 v2","QT6G72590253","199939291976","7","100","Song","US","0.00000","0.004532921064",
"2026-05-22","2026-05-22","2026-04","YouTube (ContentID)","T. Work/The Workman Experience","Lone Star Rally PIER 21 v2","QT6G72590253","199939291976","1","100","Song","PT","0.00000","0.000074130323",
"2026-05-22","2026-05-22","2026-04","YouTube (ContentID)","T. Work/The Workman Experience","Lone Star Rally PIER 21 v2","QT6G72590253","199939291976","4","100","Song","IN","0.00000","0.000084701302",
"2026-05-22","2026-05-22","2026-04","YouTube (ContentID)","T. Work/The Workman Experience","Lone Star Rally PIER 21 v2","QT6G72590253","199939291976","21","100","Song","BD","0.00000","0.000452176287",
"2026-05-22","2026-05-22","2026-04","YouTube (ContentID)","T. Work/The Workman Experience","Lone Star Rally SEAWALL BLVD v2","QT6G72590252","199939291976","7","100","Song","US","0.00000","0.004532921064",
"2026-05-22","2026-05-22","2026-04","YouTube (ContentID)","T. Work/The Workman Experience","Lone Star Rally SEAWALL BLVD v2","QT6G72590252","199939291976","1","100","Song","PT","0.00000","0.000074130323",
"2026-05-22","2026-05-22","2026-04","YouTube (ContentID)","T. Work/The Workman Experience","Lone Star Rally SEAWALL BLVD v2","QT6G72590252","199939291976","4","100","Song","IN","0.00000","0.000084701302",
"2026-05-22","2026-05-22","2026-04","YouTube (ContentID)","T. Work/The Workman Experience","Lone Star Rally SEAWALL BLVD v2","QT6G72590252","199939291976","21","100","Song","BD","0.00000","0.000452176287",
"2026-05-22","2026-05-22","2026-04","YouTube (ContentID)","T. Work/The Workman Experience","Lone Star Rally Day 2 Headley Park Country v1","QT6G72590251","199939291976","7","100","Song","US","0.00000","0.004532921064",
"2026-05-22","2026-05-22","2026-04","YouTube (ContentID)","T. Work/The Workman Experience","Lone Star Rally Day 2 Headley Park Country v1","QT6G72590251","199939291976","1","100","Song","PT","0.00000","0.000074130323",
"2026-05-22","2026-05-22","2026-04","YouTube (ContentID)","T. Work/The Workman Experience","Lone Star Rally Day 2 Headley Park Country v1","QT6G72590251","199939291976","4","100","Song","IN","0.00000","0.000084701302",
"2026-05-22","2026-05-22","2026-04","YouTube (ContentID)","T. Work/The Workman Experience","Lone Star Rally Day 2 Headley Park Country v1","QT6G72590251","199939291976","21","100","Song","BD","0.00000","0.000452176287",
"2026-05-22","2026-05-22","2026-04","YouTube (ContentID)","T. Work/The Workman Experience","LONE STAR RALLY DAY 1 Hip Hop Indie","QT6FY2597922","199942850061","3","100","Song","US","0.00000","0.008232790275",
"2026-05-22","2026-05-22","2026-04","YouTube (ContentID)","T. Work/The Workman Experience","LONE STAR RALLY DAY 1 Hip Hop Indie","QT6FY2597922","199942850061","1","100","Song","PT","0.00000","0.000576278501",
"2026-05-22","2026-05-22","2026-04","YouTube (ContentID)","T. Work/The Workman Experience","LONE STAR RALLY DAY 1 Hip Hop Indie","QT6FY2597922","199942850061","2","100","Song","BD","0.00000","0.000086489825",
"2026-05-22","2026-05-22","2026-04","YouTube (ContentID)","T. Work/The Workman Experience","Lone Star Rally INTRO HYPE COUNTRY","QT6FY2597921","199942850061","3","100","Song","US","0.00000","0.008232790275",
"2026-05-22","2026-05-22","2026-04","YouTube (ContentID)","T. Work/The Workman Experience","Lone Star Rally INTRO HYPE COUNTRY","QT6FY2597921","199942850061","1","100","Song","PT","0.00000","0.000576278501",
"2026-05-22","2026-05-22","2026-04","YouTube (ContentID)","T. Work/The Workman Experience","Lone Star Rally INTRO HYPE COUNTRY","QT6FY2597921","199942850061","2","100","Song","BD","0.00000","0.000086489825",
"2026-05-22","2026-05-22","2026-04","YouTube (ContentID)","T. Work/The Workman Experience","Lone Star Rally Country Anthem (Travel Anthem with Southern Rally Energy)","QT6FY2597920","199942850061","3","100","Song","US","0.00000","0.008232790275",
"2026-05-22","2026-05-22","2026-04","YouTube (ContentID)","T. Work/The Workman Experience","Lone Star Rally Country Anthem (Travel Anthem with Southern Rally Energy)","QT6FY2597920","199942850061","1","100","Song","PT","0.00000","0.000576278501",
"2026-05-22","2026-05-22","2026-04","YouTube (ContentID)","T. Work/The Workman Experience","Lone Star Rally Country Anthem (Travel Anthem with Southern Rally Energy)","QT6FY2597920","199942850061","2","100","Song","BD","0.00000","0.000086489825",
"2026-05-22","2026-05-22","2026-04","YouTube (Ads) - Composition","T. Work/The Workman Experience","LONE STAR RALLY DAY 1 Hip Hop Indie","QT6FY2597922","199942850061","3","100","Song","US","0.00000","0.004116395137",
"2026-05-22","2026-05-22","2026-04","YouTube (Ads) - Composition","T. Work/The Workman Experience","Lone Star Rally INTRO HYPE COUNTRY","QT6FY2597921","199942850061","3","100","Song","US","0.00000","0.004116395137",
"2026-05-22","2026-05-22","2026-04","YouTube (Ads) - Composition","T. Work/The Workman Experience","Lone Star Rally Country Anthem (Travel Anthem with Southern Rally Energy)","QT6FY2597920","199942850061","3","100","Song","US","0.00000","0.004116395137",
"2026-05-22","2026-05-22","2026-04","YouTube (ContentID)","T. Work/The Workman Experience","Lone Star Rally HARD RIDERS MC — FRIDAY NIGHT PARTY copy 2","QT6G72590261","199939291976","1","100","Song","US","0.00000","0.000350439315",
"2026-05-22","2026-05-22","2026-04","YouTube (ContentID)","T. Work/The Workman Experience","Lone Star Rally HARD RIDERS MC — FRIDAY NIGHT PARTY copy","QT6G72590260","199939291976","1","100","Song","US","0.00000","0.000350439315",
"2026-05-22","2026-05-22","2026-04","YouTube (ContentID)","T. Work/The Workman Experience","Lone Star Rally HARD RIDERS MC — FRIDAY NIGHT PARTY","QT6G72590259","199939291976","1","100","Song","US","0.00000","0.000350439315",
"2026-05-22","2026-05-22","2026-04","YouTube (ContentID)","T. Work/The Workman Experience","Lone Star Rally LONE STAR NIGHT RIDING","QT6G72590258","199939291976","1","100","Song","US","0.00000","0.000350439315",
"2026-05-22","2026-05-22","2026-04","YouTube (ContentID)","T. Work/The Workman Experience","Lone Star Rally THE STRAND (NIGHT) + FRIDAY RIDE","QT6G72590257","199939291976","1","100","Song","US","0.00000","0.000350439315",
"2026-05-22","2026-05-22","2026-04","YouTube (ContentID)","T. Work/The Workman Experience","Lone Star Rally THE SET MEET UP (7 DAYS CITGO) v6","QT6G72590256","199939291976","1","100","Song","US","0.00000","0.000350439315",
"2026-05-22","2026-05-22","2026-04","YouTube (ContentID)","T. Work/The Workman Experience","Lone Star Rally THE SET -MEET UP at 7 DAYS CITGO v3","QT6G72590255","199939291976","1","100","Song","US","0.00000","0.000350439315",
"2026-05-22","2026-05-22","2026-04","YouTube (ContentID)","T. Work/The Workman Experience","Lone Star Rally PIER 21 v1","QT6G72590254","199939291976","1","100","Song","US","0.00000","0.000350439315",
"2026-05-22","2026-05-22","2026-04","YouTube (ContentID)","T. Work/The Workman Experience","Lone Star Rally PIER 21 v2","QT6G72590253","199939291976","1","100","Song","US","0.00000","0.000350439315",
"2026-05-22","2026-05-22","2026-04","YouTube (ContentID)","T. Work/The Workman Experience","Lone Star Rally SEAWALL BLVD v2","QT6G72590252","199939291976","1","100","Song","US","0.00000","0.000350439315",
"2026-05-22","2026-05-22","2026-04","YouTube (ContentID)","T. Work/The Workman Experience","Lone Star Rally Day 2 Headley Park Country v1","QT6G72590251","199939291976","1","100","Song","US","0.00000","0.000350439315",
"2026-05-20","2026-05-20","2026-03","Facebook (Social Media Pack)","T. Work/The Workman Experience","Lone Star Rally PIER 21 v2","QT6G72590253","199939291976","1","100","Song","US","0.00000","0.000023154606",
"2026-05-20","2026-05-20","2026-03","Facebook (Social Media Pack)","T. Work/The Workman Experience","Lone Star Rally Day 2 Headley Park Country v1","QT6G72590251","199939291976","144","100","Song","US","0.00000","0.003334263392",
"2026-05-20","2026-05-20","2026-03","Facebook (Social Media Pack)","T. Work/The Workman Experience","Lone Star Rally Day 2 Headley Park Country v1","QT6G72590251","199939291976","10","100","Song","OU","0.00000","0.000231546066",
"2026-05-20","2026-05-20","2026-03","Facebook (Social Media Pack)","T. Work/The Workman Experience","Lone Star Rally Instrument v2","QT6G72590250","199939291976","33","100","Song","US","0.00000","0.000764102026",
"2026-05-20","2026-05-20","2026-03","Facebook (Social Media Pack)","T. Work/The Workman Experience","Lone Star Rally Instrument v2","QT6G72590250","199939291976","1","100","Song","OU","0.00000","0.000023154606",
"2026-05-20","2026-05-20","2026-03","Facebook (Social Media Pack)","T. Work/The Workman Experience","24 Hours In The Zone Anthem Trap v4","QT6FK2548235","199944510901","2","100","Song","US","0.00000","0.000046309213",
"2026-05-20","2026-05-20","2026-03","Facebook (Social Media Pack)","T. Work/The Workman Experience","24 Hours In The Zone Anthem Trap v4","QT6FK2548235","199944510901","3","100","Song","OU","0.00000","0.000069463819",
"2026-05-20","2026-05-20","2026-03","Facebook","T. Work/The Workman Experience","Lone Star Rally THE STRAND (NIGHT) + FRIDAY RIDE","QT6G72590257","199939291976","1","100","Song","OU","0.00000","0.000462957688",
"2026-05-20","2026-05-20","2026-03","TikTok","T. Work/The Workman Experience","Lone Star Rally HARD RIDERS MC — FRIDAY NIGHT PARTY","QT6G72590259","199939291976","1","100","Song","TH","0.00000","0.000947507267",
"2026-05-15","2026-05-15","2026-03","Amazon Prime (Streaming)","T. Work/The Workman Experience","Lone Star Rally INTRO HYPE COUNTRY","QT6FY2597921","199942850061","1","100","Song","CA","0.00000","0.003067587537",
"2026-05-15","2026-05-15","2026-03","Amazon Prime (Streaming)","T. Work/The Workman Experience","Lone Star Rally INTRO HYPE COUNTRY","QT6FY2597921","199942850061","2","100","Song","US","0.00000","0.008528138763",
"2026-05-15","2026-05-15","2026-03","Amazon Prime (Streaming)","T. Work/The Workman Experience","Lone Star Rally HARD RIDERS MC — FRIDAY NIGHT PARTY copy","QT6G72590260","199939291976","1","100","Song","GB","0.00000","0.004238717289",
"2026-05-15","2026-05-15","2026-03","Tidal","T. Work/The Workman Experience","24 Hours In The Zone Anthem Trap v4","QT6FK2548235","199944510901","6","100","Song","US","0.00000","0.072333020728",
"2026-04-23","2026-04-23","2026-03","YouTube (ContentID)","T. Work/The Workman Experience","Lone Star Rally HARD RIDERS MC — FRIDAY NIGHT PARTY copy 2","QT6G72590261","199939291976","6","100","Song","US","0.00000","0.001897245824",
"2026-04-23","2026-04-23","2026-03","YouTube (ContentID)","T. Work/The Workman Experience","Lone Star Rally HARD RIDERS MC — FRIDAY NIGHT PARTY copy","QT6G72590260","199939291976","6","100","Song","US","0.00000","0.001897245824",
"2026-04-23","2026-04-23","2026-03","YouTube (ContentID)","T. Work/The Workman Experience","Lone Star Rally HARD RIDERS MC — FRIDAY NIGHT PARTY","QT6G72590259","199939291976","6","100","Song","US","0.00000","0.001897245824",
"2026-04-23","2026-04-23","2026-03","YouTube (ContentID)","T. Work/The Workman Experience","Lone Star Rally LONE STAR NIGHT RIDING","QT6G72590258","199939291976","6","100","Song","US","0.00000","0.001897245824",
"2026-04-23","2026-04-23","2026-03","YouTube (ContentID)","T. Work/The Workman Experience","Lone Star Rally THE STRAND (NIGHT) + FRIDAY RIDE","QT6G72590257","199939291976","6","100","Song","US","0.00000","0.001897245824",
"2026-04-23","2026-04-23","2026-03","YouTube (ContentID)","T. Work/The Workman Experience","Lone Star Rally THE SET MEET UP (7 DAYS CITGO) v6","QT6G72590256","199939291976","6","100","Song","US","0.00000","0.001897245824",
"2026-04-23","2026-04-23","2026-03","YouTube (ContentID)","T. Work/The Workman Experience","Lone Star Rally THE SET -MEET UP at 7 DAYS CITGO v3","QT6G72590255","199939291976","6","100","Song","US","0.00000","0.001897245824",
"2026-04-23","2026-04-23","2026-03","YouTube (ContentID)","T. Work/The Workman Experience","Lone Star Rally PIER 21 v1","QT6G72590254","199939291976","6","100","Song","US","0.00000","0.001897245824",
"2026-04-23","2026-04-23","2026-03","YouTube (ContentID)","T. Work/The Workman Experience","Lone Star Rally PIER 21 v2","QT6G72590253","199939291976","6","100","Song","US","0.00000","0.001897245824",
"2026-04-23","2026-04-23","2026-03","YouTube (ContentID)","T. Work/The Workman Experience","Lone Star Rally SEAWALL BLVD v2","QT6G72590252","199939291976","6","100","Song","US","0.00000","0.001897245824",
"2026-04-23","2026-04-23","2026-03","YouTube (ContentID)","T. Work/The Workman Experience","Lone Star Rally Day 2 Headley Park Country v1","QT6G72590251","199939291976","6","100","Song","US","0.00000","0.001897245824",
"2026-04-23","2026-04-23","2026-03","YouTube (ContentID)","T. Work/The Workman Experience","LONE STAR RALLY DAY 1 Hip Hop Indie","QT6FY2597922","199942850061","1","100","Song","US","0.00000","0.001196174881",
"2026-04-23","2026-04-23","2026-03","YouTube (ContentID)","T. Work/The Workman Experience","LONE STAR RALLY DAY 1 Hip Hop Indie","QT6FY2597922","199942850061","1","100","Song","JP","0.00000","0.000341272817",
"2026-04-23","2026-04-23","2026-03","YouTube (ContentID)","T. Work/The Workman Experience","Lone Star Rally INTRO HYPE COUNTRY","QT6FY2597921","199942850061","1","100","Song","US","0.00000","0.001196174881",
"2026-04-23","2026-04-23","2026-03","YouTube (ContentID)","T. Work/The Workman Experience","Lone Star Rally INTRO HYPE COUNTRY","QT6FY2597921","199942850061","1","100","Song","JP","0.00000","0.000341272817",
"2026-04-23","2026-04-23","2026-03","YouTube (ContentID)","T. Work/The Workman Experience","Lone Star Rally Country Anthem (Travel Anthem with Southern Rally Energy)","QT6FY2597920","199942850061","1","100","Song","US","0.00000","0.001196174881",
"2026-04-23","2026-04-23","2026-03","YouTube (ContentID)","T. Work/The Workman Experience","Lone Star Rally Country Anthem (Travel Anthem with Southern Rally Energy)","QT6FY2597920","199942850061","1","100","Song","JP","0.00000","0.000341272817",
"2026-04-23","2026-04-23","2026-03","YouTube (Red)","T. Work/The Workman Experience","Backstage to the Future (Remastered)","QZDA72602966","821530026762","1","100","Song","IN","0.00000","0.001541793468",
"2026-04-23","2026-04-23","2026-03","YouTube (Red) - Composition","T. Work/The Workman Experience","LONE STAR RALLY DAY 1 Hip Hop Indie","QT6FY2597922","199942850061","2","100","Song","US","0.00000","0.001330593591",
"2026-04-23","2026-04-23","2026-03","YouTube (Red) - Composition","T. Work/The Workman Experience","Lone Star Rally INTRO HYPE COUNTRY","QT6FY2597921","199942850061","2","100","Song","US","0.00000","0.001330593591",
"2026-04-23","2026-04-23","2026-03","YouTube (Red) - Composition","T. Work/The Workman Experience","Lone Star Rally Country Anthem (Travel Anthem with Southern Rally Energy)","QT6FY2597920","199942850061","2","100","Song","US","0.00000","0.001330593591",
"2026-04-23","2026-04-23","2026-03","YouTube (Ads) - Composition","T. Work/The Workman Experience","LONE STAR RALLY DAY 1 Hip Hop Indie","QT6FY2597922","199942850061","14","100","Song","US","0.00000","0.019559873585",
"2026-04-23","2026-04-23","2026-03","YouTube (Ads) - Composition","T. Work/The Workman Experience","Lone Star Rally INTRO HYPE COUNTRY","QT6FY2597921","199942850061","14","100","Song","US","0.00000","0.019559873585",
"2026-04-23","2026-04-23","2026-03","YouTube (Ads) - Composition","T. Work/The Workman Experience","Lone Star Rally Country Anthem (Travel Anthem with Southern Rally Energy)","QT6FY2597920","199942850061","14","100","Song","US","0.00000","0.019559873585",
"2026-04-22","2026-04-22","2026-03","YouTube (Ads)","T. Work/The Workman Experience","Lone Star Rally SATURDAY NIGHT PARTY v1","QZFZ32678229","199934966992","1","100","Song","CA","0.00000","0.002087890692",
"2026-04-22","2026-04-22","2026-03","YouTube (ContentID)","T. Work/The Workman Experience","Lone Star Rally HARD RIDERS MC — FRIDAY NIGHT PARTY copy 2","QT6G72590261","199939291976","12","100","Song","US","0.00000","0.012018868947",
"2026-04-22","2026-04-22","2026-03","YouTube (ContentID)","T. Work/The Workman Experience","Lone Star Rally HARD RIDERS MC — FRIDAY NIGHT PARTY copy 2","QT6G72590261","199939291976","1","100","Song","PK","0.00000","0.000026526241",
"2026-04-22","2026-04-22","2026-03","YouTube (ContentID)","T. Work/The Workman Experience","Lone Star Rally HARD RIDERS MC — FRIDAY NIGHT PARTY copy 2","QT6G72590261","199939291976","0","100","Song","NG","0.00000","0.000014090397",
"2026-04-22","2026-04-22","2026-03","YouTube (ContentID)","T. Work/The Workman Experience","Lone Star Rally HARD RIDERS MC — FRIDAY NIGHT PARTY copy 2","QT6G72590261","199939291976","2","100","Song","IN","0.00000","0.000011688626",
"2026-04-22","2026-04-22","2026-03","YouTube (ContentID)","T. Work/The Workman Experience","Lone Star Rally HARD RIDERS MC — FRIDAY NIGHT PARTY copy 2","QT6G72590261","199939291976","8","100","Song","BD","0.00000","0.000574610690",
"2026-04-22","2026-04-22","2026-03","YouTube (ContentID)","T. Work/The Workman Experience","Lone Star Rally HARD RIDERS MC — FRIDAY NIGHT PARTY copy","QT6G72590260","199939291976","12","100","Song","US","0.00000","0.012018868947",
"2026-04-22","2026-04-22","2026-03","YouTube (ContentID)","T. Work/The Workman Experience","Lone Star Rally HARD RIDERS MC — FRIDAY NIGHT PARTY copy","QT6G72590260","199939291976","1","100","Song","PK","0.00000","0.000026526241",
"2026-04-22","2026-04-22","2026-03","YouTube (ContentID)","T. Work/The Workman Experience","Lone Star Rally HARD RIDERS MC — FRIDAY NIGHT PARTY copy","QT6G72590260","199939291976","0","100","Song","NG","0.00000","0.000014090397",
"2026-04-22","2026-04-22","2026-03","YouTube (ContentID)","T. Work/The Workman Experience","Lone Star Rally HARD RIDERS MC — FRIDAY NIGHT PARTY copy","QT6G72590260","199939291976","2","100","Song","IN","0.00000","0.000011688626",
"2026-04-22","2026-04-22","2026-03","YouTube (ContentID)","T. Work/The Workman Experience","Lone Star Rally HARD RIDERS MC — FRIDAY NIGHT PARTY copy","QT6G72590260","199939291976","8","100","Song","BD","0.00000","0.000574610690",
"2026-04-22","2026-04-22","2026-03","YouTube (ContentID)","T. Work/The Workman Experience","Lone Star Rally HARD RIDERS MC — FRIDAY NIGHT PARTY","QT6G72590259","199939291976","12","100","Song","US","0.00000","0.012018868947",
"2026-04-22","2026-04-22","2026-03","YouTube (ContentID)","T. Work/The Workman Experience","Lone Star Rally HARD RIDERS MC — FRIDAY NIGHT PARTY","QT6G72590259","199939291976","1","100","Song","PK","0.00000","0.000026526241",
"2026-04-22","2026-04-22","2026-03","YouTube (ContentID)","T. Work/The Workman Experience","Lone Star Rally HARD RIDERS MC — FRIDAY NIGHT PARTY","QT6G72590259","199939291976","0","100","Song","NG","0.00000","0.000014090397",
"2026-04-22","2026-04-22","2026-03","YouTube (ContentID)","T. Work/The Workman Experience","Lone Star Rally HARD RIDERS MC — FRIDAY NIGHT PARTY","QT6G72590259","199939291976","2","100","Song","IN","0.00000","0.000011688626",
"2026-04-22","2026-04-22","2026-03","YouTube (ContentID)","T. Work/The Workman Experience","Lone Star Rally HARD RIDERS MC — FRIDAY NIGHT PARTY","QT6G72590259","199939291976","8","100","Song","BD","0.00000","0.000574610690",
"2026-04-22","2026-04-22","2026-03","YouTube (ContentID)","T. Work/The Workman Experience","Lone Star Rally LONE STAR NIGHT RIDING","QT6G72590258","199939291976","12","100","Song","US","0.00000","0.012018868947",
"2026-04-22","2026-04-22","2026-03","YouTube (ContentID)","T. Work/The Workman Experience","Lone Star Rally LONE STAR NIGHT RIDING","QT6G72590258","199939291976","1","100","Song","PK","0.00000","0.000026526241",
"2026-04-22","2026-04-22","2026-03","YouTube (ContentID)","T. Work/The Workman Experience","Lone Star Rally LONE STAR NIGHT RIDING","QT6G72590258","199939291976","0","100","Song","NG","0.00000","0.000014090397",
"2026-04-22","2026-04-22","2026-03","YouTube (ContentID)","T. Work/The Workman Experience","Lone Star Rally LONE STAR NIGHT RIDING","QT6G72590258","199939291976","2","100","Song","IN","0.00000","0.000011688626",
"2026-04-22","2026-04-22","2026-03","YouTube (ContentID)","T. Work/The Workman Experience","Lone Star Rally LONE STAR NIGHT RIDING","QT6G72590258","199939291976","8","100","Song","BD","0.00000","0.000574610690",
"2026-04-22","2026-04-22","2026-03","YouTube (ContentID)","T. Work/The Workman Experience","Lone Star Rally THE STRAND (NIGHT) + FRIDAY RIDE","QT6G72590257","199939291976","12","100","Song","US","0.00000","0.012018868947",
"2026-04-22","2026-04-22","2026-03","YouTube (ContentID)","T. Work/The Workman Experience","Lone Star Rally THE STRAND (NIGHT) + FRIDAY RIDE","QT6G72590257","199939291976","1","100","Song","PK","0.00000","0.000026526241",
"2026-04-22","2026-04-22","2026-03","YouTube (ContentID)","T. Work/The Workman Experience","Lone Star Rally THE STRAND (NIGHT) + FRIDAY RIDE","QT6G72590257","199939291976","0","100","Song","NG","0.00000","0.000014090397",
"2026-04-22","2026-04-22","2026-03","YouTube (ContentID)","T. Work/The Workman Experience","Lone Star Rally THE STRAND (NIGHT) + FRIDAY RIDE","QT6G72590257","199939291976","2","100","Song","IN","0.00000","0.000011688626",
"2026-04-22","2026-04-22","2026-03","YouTube (ContentID)","T. Work/The Workman Experience","Lone Star Rally THE STRAND (NIGHT) + FRIDAY RIDE","QT6G72590257","199939291976","8","100","Song","BD","0.00000","0.000574610690",
"2026-04-22","2026-04-22","2026-03","YouTube (ContentID)","T. Work/The Workman Experience","Lone Star Rally THE SET MEET UP (7 DAYS CITGO) v6","QT6G72590256","199939291976","1","100","Song","US","0.00000","0.009767207399",
"2026-04-22","2026-04-22","2026-03","YouTube (ContentID)","T. Work/The Workman Experience","Lone Star Rally THE SET MEET UP (7 DAYS CITGO) v6","QT6G72590256","199939291976","12","100","Song","US","0.00000","0.012018868947",
"2026-04-22","2026-04-22","2026-03","YouTube (ContentID)","T. Work/The Workman Experience","Lone Star Rally THE SET MEET UP (7 DAYS CITGO) v6","QT6G72590256","199939291976","1","100","Song","PK","0.00000","0.000026526241",
"2026-04-22","2026-04-22","2026-03","YouTube (ContentID)","T. Work/The Workman Experience","Lone Star Rally THE SET MEET UP (7 DAYS CITGO) v6","QT6G72590256","199939291976","0","100","Song","NG","0.00000","0.000014090397",
"2026-04-22","2026-04-22","2026-03","YouTube (ContentID)","T. Work/The Workman Experience","Lone Star Rally THE SET MEET UP (7 DAYS CITGO) v6","QT6G72590256","199939291976","2","100","Song","IN","0.00000","0.000011688626",
"2026-04-22","2026-04-22","2026-03","YouTube (ContentID)","T. Work/The Workman Experience","Lone Star Rally THE SET MEET UP (7 DAYS CITGO) v6","QT6G72590256","199939291976","1","100","Song","BD","0.00000","0.000194543557",
"2026-04-22","2026-04-22","2026-03","YouTube (ContentID)","T. Work/The Workman Experience","Lone Star Rally THE SET MEET UP (7 DAYS CITGO) v6","QT6G72590256","199939291976","8","100","Song","BD","0.00000","0.000574610690",
"2026-04-22","2026-04-22","2026-03","YouTube (ContentID)","T. Work/The Workman Experience","Lone Star Rally THE SET -MEET UP at 7 DAYS CITGO v3","QT6G72590255","199939291976","12","100","Song","US","0.00000","0.012018868947",
"2026-04-22","2026-04-22","2026-03","YouTube (ContentID)","T. Work/The Workman Experience","Lone Star Rally THE SET -MEET UP at 7 DAYS CITGO v3","QT6G72590255","199939291976","1","100","Song","PK","0.00000","0.000026526241",
"2026-04-22","2026-04-22","2026-03","YouTube (ContentID)","T. Work/The Workman Experience","Lone Star Rally THE SET -MEET UP at 7 DAYS CITGO v3","QT6G72590255","199939291976","0","100","Song","NG","0.00000","0.000014090397",
"2026-04-22","2026-04-22","2026-03","YouTube (ContentID)","T. Work/The Workman Experience","Lone Star Rally THE SET -MEET UP at 7 DAYS CITGO v3","QT6G72590255","199939291976","2","100","Song","IN","0.00000","0.000011688626",
"2026-04-22","2026-04-22","2026-03","YouTube (ContentID)","T. Work/The Workman Experience","Lone Star Rally THE SET -MEET UP at 7 DAYS CITGO v3","QT6G72590255","199939291976","8","100","Song","BD","0.00000","0.000574610690",
"2026-04-22","2026-04-22","2026-03","YouTube (ContentID)","T. Work/The Workman Experience","Lone Star Rally PIER 21 v1","QT6G72590254","199939291976","12","100","Song","US","0.00000","0.012018868947",
"2026-04-22","2026-04-22","2026-03","YouTube (ContentID)","T. Work/The Workman Experience","Lone Star Rally PIER 21 v1","QT6G72590254","199939291976","1","100","Song","PK","0.00000","0.000026526241",
"2026-04-22","2026-04-22","2026-03","YouTube (ContentID)","T. Work/The Workman Experience","Lone Star Rally PIER 21 v1","QT6G72590254","199939291976","0","100","Song","NG","0.00000","0.000014090397",
"2026-04-22","2026-04-22","2026-03","YouTube (ContentID)","T. Work/The Workman Experience","Lone Star Rally PIER 21 v1","QT6G72590254","199939291976","2","100","Song","IN","0.00000","0.000011688626",
"2026-04-22","2026-04-22","2026-03","YouTube (ContentID)","T. Work/The Workman Experience","Lone Star Rally PIER 21 v1","QT6G72590254","199939291976","8","100","Song","BD","0.00000","0.000574610690",
"2026-04-22","2026-04-22","2026-03","YouTube (ContentID)","T. Work/The Workman Experience","Lone Star Rally PIER 21 v2","QT6G72590253","199939291976","12","100","Song","US","0.00000","0.012018868947",
"2026-04-22","2026-04-22","2026-03","YouTube (ContentID)","T. Work/The Workman Experience","Lone Star Rally PIER 21 v2","QT6G72590253","199939291976","1","100","Song","PK","0.00000","0.000026526241",
"2026-04-22","2026-04-22","2026-03","YouTube (ContentID)","T. Work/The Workman Experience","Lone Star Rally PIER 21 v2","QT6G72590253","199939291976","0","100","Song","NG","0.00000","0.000014090397",
"2026-04-22","2026-04-22","2026-03","YouTube (ContentID)","T. Work/The Workman Experience","Lone Star Rally PIER 21 v2","QT6G72590253","199939291976","2","100","Song","IN","0.00000","0.000011688626",
"2026-04-22","2026-04-22","2026-03","YouTube (ContentID)","T. Work/The Workman Experience","Lone Star Rally PIER 21 v2","QT6G72590253","199939291976","8","100","Song","BD","0.00000","0.000574610690",
"2026-04-22","2026-04-22","2026-03","YouTube (ContentID)","T. Work/The Workman Experience","Lone Star Rally SEAWALL BLVD v2","QT6G72590252","199939291976","12","100","Song","US","0.00000","0.012018868947",
"2026-04-22","2026-04-22","2026-03","YouTube (ContentID)","T. Work/The Workman Experience","Lone Star Rally SEAWALL BLVD v2","QT6G72590252","199939291976","1","100","Song","PK","0.00000","0.000026526241",
"2026-04-22","2026-04-22","2026-03","YouTube (ContentID)","T. Work/The Workman Experience","Lone Star Rally SEAWALL BLVD v2","QT6G72590252","199939291976","0","100","Song","NG","0.00000","0.000014090397",
"2026-04-22","2026-04-22","2026-03","YouTube (ContentID)","T. Work/The Workman Experience","Lone Star Rally SEAWALL BLVD v2","QT6G72590252","199939291976","2","100","Song","IN","0.00000","0.000011688626",
"2026-04-22","2026-04-22","2026-03","YouTube (ContentID)","T. Work/The Workman Experience","Lone Star Rally SEAWALL BLVD v2","QT6G72590252","199939291976","8","100","Song","BD","0.00000","0.000574610690",
"2026-04-22","2026-04-22","2026-03","YouTube (ContentID)","T. Work/The Workman Experience","Lone Star Rally Day 2 Headley Park Country v1","QT6G72590251","199939291976","12","100","Song","US","0.00000","0.012018868947",
"2026-04-22","2026-04-22","2026-03","YouTube (ContentID)","T. Work/The Workman Experience","Lone Star Rally Day 2 Headley Park Country v1","QT6G72590251","199939291976","1","100","Song","PK","0.00000","0.000026526241",
"2026-04-22","2026-04-22","2026-03","YouTube (ContentID)","T. Work/The Workman Experience","Lone Star Rally Day 2 Headley Park Country v1","QT6G72590251","199939291976","0","100","Song","NG","0.00000","0.000014090397",
"2026-04-22","2026-04-22","2026-03","YouTube (ContentID)","T. Work/The Workman Experience","Lone Star Rally Day 2 Headley Park Country v1","QT6G72590251","199939291976","2","100","Song","IN","0.00000","0.000011688626",
"2026-04-22","2026-04-22","2026-03","YouTube (ContentID)","T. Work/The Workman Experience","Lone Star Rally Day 2 Headley Park Country v1","QT6G72590251","199939291976","8","100","Song","BD","0.00000","0.000574610690",
"2026-04-22","2026-04-22","2026-03","YouTube (ContentID)","T. Work/The Workman Experience","LONE STAR RALLY DAY 1 Hip Hop Indie","QT6FY2597922","199942850061","14","100","Song","US","0.00000","0.039119747170",
"2026-04-22","2026-04-22","2026-03","YouTube (ContentID)","T. Work/The Workman Experience","LONE STAR RALLY DAY 1 Hip Hop Indie","QT6FY2597922","199942850061","1","100","Song","IN","0.00000","0.000011368388",
"2026-04-22","2026-04-22","2026-03","YouTube (ContentID)","T. Work/The Workman Experience","LONE STAR RALLY DAY 1 Hip Hop Indie","QT6FY2597922","199942850061","0","100","Song","BD","0.00000","0.000141624507",
"2026-04-22","2026-04-22","2026-03","YouTube (ContentID)","T. Work/The Workman Experience","LONE STAR RALLY DAY 1 Hip Hop Indie","QT6FY2597922","199942850061","1","100","Song","AU","0.00000","0.000093188765",
"2026-04-22","2026-04-22","2026-03","YouTube (ContentID)","T. Work/The Workman Experience","Lone Star Rally INTRO HYPE COUNTRY","QT6FY2597921","199942850061","14","100","Song","US","0.00000","0.039119747170",
"2026-04-22","2026-04-22","2026-03","YouTube (ContentID)","T. Work/The Workman Experience","Lone Star Rally INTRO HYPE COUNTRY","QT6FY2597921","199942850061","1","100","Song","IN","0.00000","0.000011368388",
"2026-04-22","2026-04-22","2026-03","YouTube (ContentID)","T. Work/The Workman Experience","Lone Star Rally INTRO HYPE COUNTRY","QT6FY2597921","199942850061","0","100","Song","BD","0.00000","0.000141624507",
"2026-04-22","2026-04-22","2026-03","YouTube (ContentID)","T. Work/The Workman Experience","Lone Star Rally INTRO HYPE COUNTRY","QT6FY2597921","199942850061","1","100","Song","AU","0.00000","0.000093188765",
"2026-04-22","2026-04-22","2026-03","YouTube (ContentID)","T. Work/The Workman Experience","Lone Star Rally Country Anthem (Travel Anthem with Southern Rally Energy)","QT6FY2597920","199942850061","14","100","Song","US","0.00000","0.039119747170",
"2026-04-22","2026-04-22","2026-03","YouTube (ContentID)","T. Work/The Workman Experience","Lone Star Rally Country Anthem (Travel Anthem with Southern Rally Energy)","QT6FY2597920","199942850061","1","100","Song","IN","0.00000","0.000011368388",
"2026-04-22","2026-04-22","2026-03","YouTube (ContentID)","T. Work/The Workman Experience","Lone Star Rally Country Anthem (Travel Anthem with Southern Rally Energy)","QT6FY2597920","199942850061","0","100","Song","BD","0.00000","0.000141624507",
"2026-04-22","2026-04-22","2026-03","YouTube (ContentID)","T. Work/The Workman Experience","Lone Star Rally Country Anthem (Travel Anthem with Southern Rally Energy)","QT6FY2597920","199942850061","1","100","Song","AU","0.00000","0.000093188765",
"2026-04-22","2026-04-22","2026-03","Apple Music","T. Work/The Workman Experience","Lone Star Rally SATURDAY NIGHT Closing Out the Night v4","QZFZ32678227","199934966992","16","100","Song","US","0.00000","0.071716106599",
"2026-04-22","2026-04-22","2026-03","Apple Music","T. Work/The Workman Experience","Lone Star Rally Closing Out the Night v13","QZFZ32678226","199934966992","17","100","Song","US","0.00000","0.076198363261",
"2026-04-22","2026-04-22","2026-03","Apple Music","T. Work/The Workman Experience","Lone Star Rally Closing Out the Night v14","QZFZ32678225","199934966992","1","100","Song","US","0.00000","0.004482256662",
"2026-04-22","2026-04-22","2026-03","Apple Music","T. Work/The Workman Experience","Lone Star Rally HARD RIDERS MC — FRIDAY NIGHT PARTY copy 2","QT6G72590261","199939291976","2","100","Song","US","0.00000","0.007534431435",
"2026-04-22","2026-04-22","2026-03","Apple Music","T. Work/The Workman Experience","Lone Star Rally HARD RIDERS MC — FRIDAY NIGHT PARTY copy","QT6G72590260","199939291976","2","100","Song","US","0.00000","0.007534431435",
"2026-04-22","2026-04-22","2026-03","Apple Music","T. Work/The Workman Experience","Lone Star Rally HARD RIDERS MC — FRIDAY NIGHT PARTY","QT6G72590259","199939291976","2","100","Song","US","0.00000","0.007534431435",
"2026-04-22","2026-04-22","2026-03","Apple Music","T. Work/The Workman Experience","Lone Star Rally LONE STAR NIGHT RIDING","QT6G72590258","199939291976","2","100","Song","US","0.00000","0.007534431435",
"2026-04-22","2026-04-22","2026-03","Apple Music","T. Work/The Workman Experience","Lone Star Rally THE STRAND (NIGHT) + FRIDAY RIDE","QT6G72590257","199939291976","2","100","Song","US","0.00000","0.007534431435",
"2026-04-22","2026-04-22","2026-03","Apple Music","T. Work/The Workman Experience","Lone Star Rally THE SET MEET UP (7 DAYS CITGO) v6","QT6G72590256","199939291976","2","100","Song","US","0.00000","0.007534431435",
"2026-04-22","2026-04-22","2026-03","Apple Music","T. Work/The Workman Experience","Lone Star Rally THE SET -MEET UP at 7 DAYS CITGO v3","QT6G72590255","199939291976","5","100","Song","US","0.00000","0.018836078589",
"2026-04-22","2026-04-22","2026-03","Apple Music","T. Work/The Workman Experience","Lone Star Rally PIER 21 v1","QT6G72590254","199939291976","2","100","Song","US","0.00000","0.007534431435",
"2026-04-22","2026-04-22","2026-03","Apple Music","T. Work/The Workman Experience","Lone Star Rally PIER 21 v2","QT6G72590253","199939291976","2","100","Song","US","0.00000","0.007534431435",
"2026-04-22","2026-04-22","2026-03","Apple Music","T. Work/The Workman Experience","Lone Star Rally SEAWALL BLVD v2","QT6G72590252","199939291976","3","100","Song","US","0.00000","0.011301647153",
"2026-04-22","2026-04-22","2026-03","Apple Music","T. Work/The Workman Experience","Lone Star Rally Day 2 Headley Park Country v1","QT6G72590251","199939291976","2","100","Song","US","0.00000","0.007534431435",
"2026-04-22","2026-04-22","2026-03","Apple Music","T. Work/The Workman Experience","Lone Star Rally Instrument v2","QT6G72590250","199939291976","11","100","Song","US","0.00000","0.041439372896",
"2026-04-22","2026-04-22","2026-03","Apple Music","T. Work/The Workman Experience","24 Hours In The Zone Drill v6","QT6FK2548237","199944510901","3","100","Song","US","0.00000","0.011301647153",
"2026-04-22","2026-04-22","2026-03","Apple Music","T. Work/The Workman Experience","24 Hours In The Zone Anthem Trap v4","QT6FK2548235","199944510901","3","100","Song","US","0.00000","0.011301647153",
"2026-04-22","2026-04-22","2026-03","Apple Music","T. Work/The Workman Experience","24 Hours In The Zone Early Classic Trap v2","QT6FK2548233","199944510901","3","100","Song","US","0.00000","0.011301647153",
"2026-04-15","2026-04-15","2026-02","Tidal","T. Work/The Workman Experience","24 Hours In The Zone Anthem Trap v4","QT6FK2548235","199944510901","9","100","Song","US","0.00000","0.114489220788",
"2026-04-15","2026-04-15","2026-01","TikTok","T. Work/The Workman Experience","Forward From Here","QZDA72602967","821530026762","1","100","Song","TZ","0.00000","0.001113990037",
"2026-04-15","2026-04-15","2026-01","TikTok","T. Work/The Workman Experience","Forward From Here","QZDA72602967","821530026762","1","100","Song","EG","0.00000","0.001113990037",
"2026-04-15","2026-04-15","2026-01","TikTok","T. Work/The Workman Experience","Backstage to the Future (Remastered)","QZDA72602966","821530026762","1","100","Song","NG","0.00000","0.001113990037",
"2026-04-15","2026-04-15","2026-01","TikTok","T. Work/The Workman Experience","Backstage to the Future (Remastered)","QZDA72602966","821530026762","1","100","Song","MY","0.00000","0.001113990037",
"2026-04-15","2026-04-15","2026-01","TikTok","T. Work/The Workman Experience","Backstage to the Future (Remastered)","QZDA72602966","821530026762","2","100","Song","ID","0.00000","0.002227980176",
"2026-04-15","2026-04-15","2026-01","TikTok","T. Work/The Workman Experience","Lone Star Rally Closing Out the Night v13","QZFZ32678226","199934966992","1","100","Song","MX","0.00000","0.001113990037",
"2026-04-15","2026-04-15","2026-02","Amazon Prime (Streaming)","T. Work/The Workman Experience","Lone Star Rally INTRO HYPE COUNTRY","QT6FY2597921","199942850061","4","100","Song","US","0.00000","0.017034625022",
"2026-03-26","2026-03-26","2026-02","Facebook (Social Media Pack)","T. Work/The Workman Experience","Lone Star Rally PIER 21 v2","QT6G72590253","199939291976","2","100","Song","US","0.00000","0.000054160580",
"2026-03-26","2026-03-26","2026-02","Facebook (Social Media Pack)","T. Work/The Workman Experience","24 Hours In The Zone Anthem Trap v4","QT6FK2548235","199944510901","3","100","Song","US","0.00000","0.000081240870",
"2026-03-26","2026-03-26","2026-02","Facebook (Social Media Pack)","T. Work/The Workman Experience","24 Hours In The Zone Anthem Trap v4","QT6FK2548235","199944510901","3","100","Song","OU","0.00000","0.000081240869",
"2026-03-26","2026-03-26","2026-02","Facebook","T. Work/The Workman Experience","Lone Star Rally SATURDAY NIGHT Closing Out the Night v3","QZFZ32678228","199934966992","1","100","Song","US","0.00000","0.000596415438",
"2026-03-26","2026-03-26","2026-01","Facebook (Social Media Pack)","T. Work/The Workman Experience","Lone Star Rally PIER 21 v2","QT6G72590253","199939291976","126","100","Song","US","0.00000","0.002547867427",
"2026-03-26","2026-03-26","2026-01","Facebook (Social Media Pack)","T. Work/The Workman Experience","Lone Star Rally PIER 21 v2","QT6G72590253","199939291976","45","100","Song","OU","0.00000","0.000909952648",
"2026-03-26","2026-03-26","2026-01","Facebook (Social Media Pack)","T. Work/The Workman Experience","24 Hours In The Zone Anthem Trap v4","QT6FK2548235","199944510901","7","100","Song","US","0.00000","0.000141548190",
"2026-03-26","2026-03-26","2026-01","Facebook (Social Media Pack)","T. Work/The Workman Experience","24 Hours In The Zone Anthem Trap v4","QT6FK2548235","199944510901","5","100","Song","OU","0.00000","0.000101105849",
"2026-03-26","2026-03-26","2026-01","Facebook","T. Work/The Workman Experience","Backstage to the Future (Remastered)","QZDA72602966","821530026762","1","100","Song","US","0.00000","0.000482369571",
"2026-03-26","2026-03-26","2025-12","Facebook (Social Media Pack)","T. Work/The Workman Experience","Lone Star Rally PIER 21 v2","QT6G72590253","199939291976","35","100","Song","US","0.00000","0.000449040863",
"2026-03-26","2026-03-26","2025-12","Facebook (Social Media Pack)","T. Work/The Workman Experience","Lone Star Rally PIER 21 v2","QT6G72590253","199939291976","20","100","Song","OU","0.00000","0.000256594778",
"2026-03-26","2026-03-26","2025-12","Facebook (Social Media Pack)","T. Work/The Workman Experience","24 Hours In The Zone Drill v6","QT6FK2548237","199944510901","3","100","Song","US","0.00000","0.000038489216",
"2026-03-26","2026-03-26","2025-12","Facebook (Social Media Pack)","T. Work/The Workman Experience","24 Hours In The Zone TX Rap v5","QT6FK2548236","199944510901","3","100","Song","US","0.00000","0.000038489216",
"2026-03-26","2026-03-26","2025-12","Facebook (Social Media Pack)","T. Work/The Workman Experience","24 Hours In The Zone Anthem Trap v4","QT6FK2548235","199944510901","45","100","Song","US","0.00000","0.000577338252",
"2026-03-26","2026-03-26","2025-12","Facebook (Social Media Pack)","T. Work/The Workman Experience","24 Hours In The Zone Anthem Trap v4","QT6FK2548235","199944510901","29","100","Song","OU","0.00000","0.000372062429",
"2026-03-26","2026-03-26","2025-12","Facebook","T. Work/The Workman Experience","24 Hours In The Zone Anthem Trap v4","QT6FK2548235","199944510901","1","100","Song","US","0.00000","0.000254220607",
"2026-03-25","2026-03-25","2026-02","YouTube (Red) - Composition","T. Work/The Workman Experience","LONE STAR RALLY DAY 1 Hip Hop Indie","QT6FY2597922","199942850061","2","100","Song","US","0.00000","0.001440962343",
"2026-03-25","2026-03-25","2026-02","YouTube (Red) - Composition","T. Work/The Workman Experience","Lone Star Rally INTRO HYPE COUNTRY","QT6FY2597921","199942850061","2","100","Song","US","0.00000","0.001440962343",
"2026-03-25","2026-03-25","2026-02","YouTube (Red) - Composition","T. Work/The Workman Experience","Lone Star Rally Country Anthem (Travel Anthem with Southern Rally Energy)","QT6FY2597920","199942850061","2","100","Song","US","0.00000","0.001440962343",
"2026-03-25","2026-03-25","2026-02","YouTube (Ads) - Composition","T. Work/The Workman Experience","LONE STAR RALLY DAY 1 Hip Hop Indie","QT6FY2597922","199942850061","13","100","Song","US","0.00000","0.011646816494",
"2026-03-25","2026-03-25","2026-02","YouTube (Ads) - Composition","T. Work/The Workman Experience","Lone Star Rally INTRO HYPE COUNTRY","QT6FY2597921","199942850061","13","100","Song","US","0.00000","0.011646816494",
"2026-03-25","2026-03-25","2026-02","YouTube (Ads) - Composition","T. Work/The Workman Experience","Lone Star Rally Country Anthem (Travel Anthem with Southern Rally Energy)","QT6FY2597920","199942850061","13","100","Song","US","0.00000","0.011646816494",
"2026-03-25","2026-03-25","2026-02","YouTube (Ads)","T. Work/The Workman Experience","Lone Star Rally THE STRAND (NIGHT) + FRIDAY RIDE","QT6G72590257","199939291976","1","100","Song","US","0.00000","0.010668725536",
"2026-03-25","2026-03-25","2026-02","YouTube (ContentID)","T. Work/The Workman Experience","Lone Star Rally HARD RIDERS MC — FRIDAY NIGHT PARTY copy 2","QT6G72590261","199939291976","11","100","Song","US","0.00000","0.009854404372",
"2026-03-25","2026-03-25","2026-02","YouTube (ContentID)","T. Work/The Workman Experience","Lone Star Rally HARD RIDERS MC — FRIDAY NIGHT PARTY copy 2","QT6G72590261","199939291976","3","100","Song","IN","0.00000","0.000140538966",
"2026-03-25","2026-03-25","2026-02","YouTube (ContentID)","T. Work/The Workman Experience","Lone Star Rally HARD RIDERS MC — FRIDAY NIGHT PARTY copy 2","QT6G72590261","199939291976","2","100","Song","BD","0.00000","0.000219680524",
"2026-03-25","2026-03-25","2026-02","YouTube (ContentID)","T. Work/The Workman Experience","Lone Star Rally HARD RIDERS MC — FRIDAY NIGHT PARTY copy","QT6G72590260","199939291976","11","100","Song","US","0.00000","0.009854404372",
"2026-03-25","2026-03-25","2026-02","YouTube (ContentID)","T. Work/The Workman Experience","Lone Star Rally HARD RIDERS MC — FRIDAY NIGHT PARTY copy","QT6G72590260","199939291976","3","100","Song","IN","0.00000","0.000140538966",
"2026-03-25","2026-03-25","2026-02","YouTube (ContentID)","T. Work/The Workman Experience","Lone Star Rally HARD RIDERS MC — FRIDAY NIGHT PARTY copy","QT6G72590260","199939291976","2","100","Song","BD","0.00000","0.000219680524",
"2026-03-25","2026-03-25","2026-02","YouTube (ContentID)","T. Work/The Workman Experience","Lone Star Rally HARD RIDERS MC — FRIDAY NIGHT PARTY","QT6G72590259","199939291976","11","100","Song","US","0.00000","0.009854404372",
"2026-03-25","2026-03-25","2026-02","YouTube (ContentID)","T. Work/The Workman Experience","Lone Star Rally HARD RIDERS MC — FRIDAY NIGHT PARTY","QT6G72590259","199939291976","3","100","Song","IN","0.00000","0.000140538966",
"2026-03-25","2026-03-25","2026-02","YouTube (ContentID)","T. Work/The Workman Experience","Lone Star Rally HARD RIDERS MC — FRIDAY NIGHT PARTY","QT6G72590259","199939291976","2","100","Song","BD","0.00000","0.000219680524",
"2026-03-25","2026-03-25","2026-02","YouTube (ContentID)","T. Work/The Workman Experience","Lone Star Rally LONE STAR NIGHT RIDING","QT6G72590258","199939291976","11","100","Song","US","0.00000","0.009854404372",
"2026-03-25","2026-03-25","2026-02","YouTube (ContentID)","T. Work/The Workman Experience","Lone Star Rally LONE STAR NIGHT RIDING","QT6G72590258","199939291976","3","100","Song","IN","0.00000","0.000140538966",
"2026-03-25","2026-03-25","2026-02","YouTube (ContentID)","T. Work/The Workman Experience","Lone Star Rally LONE STAR NIGHT RIDING","QT6G72590258","199939291976","2","100","Song","BD","0.00000","0.000219680524",
"2026-03-25","2026-03-25","2026-02","YouTube (ContentID)","T. Work/The Workman Experience","Lone Star Rally THE STRAND (NIGHT) + FRIDAY RIDE","QT6G72590257","199939291976","11","100","Song","US","0.00000","0.009854404372",
"2026-03-25","2026-03-25","2026-02","YouTube (ContentID)","T. Work/The Workman Experience","Lone Star Rally THE STRAND (NIGHT) + FRIDAY RIDE","QT6G72590257","199939291976","3","100","Song","IN","0.00000","0.000140538966",
"2026-03-25","2026-03-25","2026-02","YouTube (ContentID)","T. Work/The Workman Experience","Lone Star Rally THE STRAND (NIGHT) + FRIDAY RIDE","QT6G72590257","199939291976","2","100","Song","BD","0.00000","0.000219680524",
"2026-03-25","2026-03-25","2026-02","YouTube (ContentID)","T. Work/The Workman Experience","Lone Star Rally THE SET MEET UP (7 DAYS CITGO) v6","QT6G72590256","199939291976","4","100","Song","US","0.00000","0.001664614262",
"2026-03-25","2026-03-25","2026-02","YouTube (ContentID)","T. Work/The Workman Experience","Lone Star Rally THE SET MEET UP (7 DAYS CITGO) v6","QT6G72590256","199939291976","11","100","Song","US","0.00000","0.009854404372",
"2026-03-25","2026-03-25","2026-02","YouTube (ContentID)","T. Work/The Workman Experience","Lone Star Rally THE SET MEET UP (7 DAYS CITGO) v6","QT6G72590256","199939291976","1","100","Song","KH","0.00000","0.000147289744",
"2026-03-25","2026-03-25","2026-02","YouTube (ContentID)","T. Work/The Workman Experience","Lone Star Rally THE SET MEET UP (7 DAYS CITGO) v6","QT6G72590256","199939291976","1","100","Song","JP","0.00000","0.003365250472",
"2026-03-25","2026-03-25","2026-02","YouTube (ContentID)","T. Work/The Workman Experience","Lone Star Rally THE SET MEET UP (7 DAYS CITGO) v6","QT6G72590256","199939291976","1","100","Song","IQ","0.00000","0.000295379977",
"2026-03-25","2026-03-25","2026-02","YouTube (ContentID)","T. Work/The Workman Experience","Lone Star Rally THE SET MEET UP (7 DAYS CITGO) v6","QT6G72590256","199939291976","27","100","Song","IN","0.00000","0.007577416978",
"2026-03-25","2026-03-25","2026-02","YouTube (ContentID)","T. Work/The Workman Experience","Lone Star Rally THE SET MEET UP (7 DAYS CITGO) v6","QT6G72590256","199939291976","3","100","Song","IN","0.00000","0.000140538966",
"2026-03-25","2026-03-25","2026-02","YouTube (ContentID)","T. Work/The Workman Experience","Lone Star Rally THE SET MEET UP (7 DAYS CITGO) v6","QT6G72590256","199939291976","5","100","Song","ID","0.00000","0.003357245595",
"2026-03-25","2026-03-25","2026-02","YouTube (ContentID)","T. Work/The Workman Experience","Lone Star Rally THE SET MEET UP (7 DAYS CITGO) v6","QT6G72590256","199939291976","2","100","Song","GB","0.00000","0.012197431988",
"2026-03-25","2026-03-25","2026-02","YouTube (ContentID)","T. Work/The Workman Experience","Lone Star Rally THE SET MEET UP (7 DAYS CITGO) v6","QT6G72590256","199939291976","1","100","Song","DO","0.00000","0.000174106084",
"2026-03-25","2026-03-25","2026-02","YouTube (ContentID)","T. Work/The Workman Experience","Lone Star Rally THE SET MEET UP (7 DAYS CITGO) v6","QT6G72590256","199939291976","51","100","Song","BD","0.00000","0.003258385359",
"2026-03-25","2026-03-25","2026-02","YouTube (ContentID)","T. Work/The Workman Experience","Lone Star Rally THE SET MEET UP (7 DAYS CITGO) v6","QT6G72590256","199939291976","2","100","Song","BD","0.00000","0.000219680524",
"2026-03-25","2026-03-25","2026-02","YouTube (ContentID)","T. Work/The Workman Experience","Lone Star Rally THE SET -MEET UP at 7 DAYS CITGO v3","QT6G72590255","199939291976","11","100","Song","US","0.00000","0.009854404372",
"2026-03-25","2026-03-25","2026-02","YouTube (ContentID)","T. Work/The Workman Experience","Lone Star Rally THE SET -MEET UP at 7 DAYS CITGO v3","QT6G72590255","199939291976","3","100","Song","IN","0.00000","0.000140538966",
"2026-03-25","2026-03-25","2026-02","YouTube (ContentID)","T. Work/The Workman Experience","Lone Star Rally THE SET -MEET UP at 7 DAYS CITGO v3","QT6G72590255","199939291976","2","100","Song","BD","0.00000","0.000219680524",
"2026-03-25","2026-03-25","2026-02","YouTube (ContentID)","T. Work/The Workman Experience","Lone Star Rally PIER 21 v1","QT6G72590254","199939291976","11","100","Song","US","0.00000","0.009854404372",
"2026-03-25","2026-03-25","2026-02","YouTube (ContentID)","T. Work/The Workman Experience","Lone Star Rally PIER 21 v1","QT6G72590254","199939291976","3","100","Song","IN","0.00000","0.000140538966",
"2026-03-25","2026-03-25","2026-02","YouTube (ContentID)","T. Work/The Workman Experience","Lone Star Rally PIER 21 v1","QT6G72590254","199939291976","2","100","Song","BD","0.00000","0.000219680524",
"2026-03-25","2026-03-25","2026-02","YouTube (ContentID)","T. Work/The Workman Experience","Lone Star Rally PIER 21 v2","QT6G72590253","199939291976","11","100","Song","US","0.00000","0.009854404372",
"2026-03-25","2026-03-25","2026-02","YouTube (ContentID)","T. Work/The Workman Experience","Lone Star Rally PIER 21 v2","QT6G72590253","199939291976","3","100","Song","IN","0.00000","0.000140538966",
"2026-03-25","2026-03-25","2026-02","YouTube (ContentID)","T. Work/The Workman Experience","Lone Star Rally PIER 21 v2","QT6G72590253","199939291976","2","100","Song","BD","0.00000","0.000219680524",
"2026-03-25","2026-03-25","2026-02","YouTube (ContentID)","T. Work/The Workman Experience","Lone Star Rally SEAWALL BLVD v2","QT6G72590252","199939291976","11","100","Song","US","0.00000","0.009854404372",
"2026-03-25","2026-03-25","2026-02","YouTube (ContentID)","T. Work/The Workman Experience","Lone Star Rally SEAWALL BLVD v2","QT6G72590252","199939291976","3","100","Song","IN","0.00000","0.000140538966",
"2026-03-25","2026-03-25","2026-02","YouTube (ContentID)","T. Work/The Workman Experience","Lone Star Rally SEAWALL BLVD v2","QT6G72590252","199939291976","2","100","Song","BD","0.00000","0.000219680524",
"2026-03-25","2026-03-25","2026-02","YouTube (ContentID)","T. Work/The Workman Experience","Lone Star Rally Day 2 Headley Park Country v1","QT6G72590251","199939291976","11","100","Song","US","0.00000","0.009854404372",
"2026-03-25","2026-03-25","2026-02","YouTube (ContentID)","T. Work/The Workman Experience","Lone Star Rally Day 2 Headley Park Country v1","QT6G72590251","199939291976","3","100","Song","IN","0.00000","0.000140538966",
"2026-03-25","2026-03-25","2026-02","YouTube (ContentID)","T. Work/The Workman Experience","Lone Star Rally Day 2 Headley Park Country v1","QT6G72590251","199939291976","2","100","Song","BD","0.00000","0.000219680524",
"2026-03-25","2026-03-25","2026-02","YouTube (ContentID)","T. Work/The Workman Experience","LONE STAR RALLY DAY 1 Hip Hop Indie","QT6FY2597922","199942850061","13","100","Song","US","0.00000","0.023293632988",
"2026-03-25","2026-03-25","2026-02","YouTube (ContentID)","T. Work/The Workman Experience","LONE STAR RALLY DAY 1 Hip Hop Indie","QT6FY2597922","199942850061","1","100","Song","IN","0.00000","0.000155294622",
"2026-03-25","2026-03-25","2026-02","YouTube (ContentID)","T. Work/The Workman Experience","LONE STAR RALLY DAY 1 Hip Hop Indie","QT6FY2597922","199942850061","0","100","Song","BD","0.00000","0.000072924433",
"2026-03-25","2026-03-25","2026-02","YouTube (ContentID)","T. Work/The Workman Experience","Lone Star Rally INTRO HYPE COUNTRY","QT6FY2597921","199942850061","13","100","Song","US","0.00000","0.023293632988",
"2026-03-25","2026-03-25","2026-02","YouTube (ContentID)","T. Work/The Workman Experience","Lone Star Rally INTRO HYPE COUNTRY","QT6FY2597921","199942850061","1","100","Song","IN","0.00000","0.000155294622",
"2026-03-25","2026-03-25","2026-02","YouTube (ContentID)","T. Work/The Workman Experience","Lone Star Rally INTRO HYPE COUNTRY","QT6FY2597921","199942850061","0","100","Song","BD","0.00000","0.000072924433",
"2026-03-25","2026-03-25","2026-02","YouTube (ContentID)","T. Work/The Workman Experience","Lone Star Rally Country Anthem (Travel Anthem with Southern Rally Energy)","QT6FY2597920","199942850061","13","100","Song","US","0.00000","0.023293632988",
"2026-03-25","2026-03-25","2026-02","YouTube (ContentID)","T. Work/The Workman Experience","Lone Star Rally Country Anthem (Travel Anthem with Southern Rally Energy)","QT6FY2597920","199942850061","1","100","Song","IN","0.00000","0.000155294622",
"2026-03-25","2026-03-25","2026-02","YouTube (ContentID)","T. Work/The Workman Experience","Lone Star Rally Country Anthem (Travel Anthem with Southern Rally Energy)","QT6FY2597920","199942850061","0","100","Song","BD","0.00000","0.000072924433",
"2026-03-25","2026-03-25","2026-02","YouTube (ContentID)","T. Work/The Workman Experience","Lone Star Rally HARD RIDERS MC — FRIDAY NIGHT PARTY copy 2","QT6G72590261","199939291976","1","100","Song","US","0.00000","0.000331763869",
"2026-03-25","2026-03-25","2026-02","YouTube (ContentID)","T. Work/The Workman Experience","Lone Star Rally HARD RIDERS MC — FRIDAY NIGHT PARTY copy","QT6G72590260","199939291976","1","100","Song","US","0.00000","0.000331763869",
"2026-03-25","2026-03-25","2026-02","YouTube (ContentID)","T. Work/The Workman Experience","Lone Star Rally HARD RIDERS MC — FRIDAY NIGHT PARTY","QT6G72590259","199939291976","1","100","Song","US","0.00000","0.000331763869",
"2026-03-25","2026-03-25","2026-02","YouTube (ContentID)","T. Work/The Workman Experience","Lone Star Rally LONE STAR NIGHT RIDING","QT6G72590258","199939291976","1","100","Song","US","0.00000","0.000331763869",
"2026-03-25","2026-03-25","2026-02","YouTube (ContentID)","T. Work/The Workman Experience","Lone Star Rally THE STRAND (NIGHT) + FRIDAY RIDE","QT6G72590257","199939291976","1","100","Song","US","0.00000","0.000331763869",
"2026-03-25","2026-03-25","2026-02","YouTube (ContentID)","T. Work/The Workman Experience","Lone Star Rally THE SET MEET UP (7 DAYS CITGO) v6","QT6G72590256","199939291976","1","100","Song","US","0.00000","0.000331763869",
"2026-03-25","2026-03-25","2026-02","YouTube (ContentID)","T. Work/The Workman Experience","Lone Star Rally THE SET MEET UP (7 DAYS CITGO) v6","QT6G72590256","199939291976","9","100","Song","US","0.00000","0.046157910544",
"2026-03-25","2026-03-25","2026-02","YouTube (ContentID)","T. Work/The Workman Experience","Lone Star Rally THE SET -MEET UP at 7 DAYS CITGO v3","QT6G72590255","199939291976","1","100","Song","US","0.00000","0.000331763869",
"2026-03-25","2026-03-25","2026-02","YouTube (ContentID)","T. Work/The Workman Experience","Lone Star Rally PIER 21 v1","QT6G72590254","199939291976","1","100","Song","US","0.00000","0.000331763869",
"2026-03-25","2026-03-25","2026-02","YouTube (ContentID)","T. Work/The Workman Experience","Lone Star Rally PIER 21 v2","QT6G72590253","199939291976","1","100","Song","US","0.00000","0.000331763869",
"2026-03-25","2026-03-25","2026-02","YouTube (ContentID)","T. Work/The Workman Experience","Lone Star Rally SEAWALL BLVD v2","QT6G72590252","199939291976","1","100","Song","US","0.00000","0.000331763869",
"2026-03-25","2026-03-25","2026-02","YouTube (ContentID)","T. Work/The Workman Experience","Lone Star Rally Day 2 Headley Park Country v1","QT6G72590251","199939291976","1","100","Song","US","0.00000","0.000331763869",
"2026-03-25","2026-03-25","2026-02","YouTube (ContentID)","T. Work/The Workman Experience","LONE STAR RALLY DAY 1 Hip Hop Indie","QT6FY2597922","199942850061","1","100","Song","US","0.00000","0.001216467515",
"2026-03-25","2026-03-25","2026-02","YouTube (ContentID)","T. Work/The Workman Experience","Lone Star Rally INTRO HYPE COUNTRY","QT6FY2597921","199942850061","1","100","Song","US","0.00000","0.001216467515",
"2026-03-25","2026-03-25","2026-02","YouTube (ContentID)","T. Work/The Workman Experience","Lone Star Rally Country Anthem (Travel Anthem with Southern Rally Energy)","QT6FY2597920","199942850061","1","100","Song","US","0.00000","0.001216467515",
"2026-03-25","2026-03-25","2026-02","Apple Music","T. Work/The Workman Experience","Forward From Here","QZDA72602967","821530026762","1","100","Song","US","0.00000","0.003835284828",
"2026-03-25","2026-03-25","2026-02","Apple Music","T. Work/The Workman Experience","Backstage to the Future (Remastered)","QZDA72602966","821530026762","1","100","Song","US","0.00000","0.003835284828",
"2026-03-25","2026-03-25","2026-02","Apple Music","T. Work/The Workman Experience","Lone Star Rally Saturday Night HR Party","QZFZ32678230","199934966992","1","100","Song","US","0.00000","0.003835284828",
"2026-03-25","2026-03-25","2026-02","Apple Music","T. Work/The Workman Experience","Lone Star Rally SATURDAY NIGHT PARTY v1","QZFZ32678229","199934966992","1","100","Song","US","0.00000","0.003835284828",
"2026-03-25","2026-03-25","2026-02","Apple Music","T. Work/The Workman Experience","Lone Star Rally SATURDAY NIGHT Closing Out the Night v3","QZFZ32678228","199934966992","1","100","Song","US","0.00000","0.003835284828",
"2026-03-25","2026-03-25","2026-02","Apple Music","T. Work/The Workman Experience","Lone Star Rally SATURDAY NIGHT Closing Out the Night v4","QZFZ32678227","199934966992","2","100","Song","US","0.00000","0.007670569657",
"2026-03-25","2026-03-25","2026-02","Apple Music","T. Work/The Workman Experience","Lone Star Rally Closing Out the Night v13","QZFZ32678226","199934966992","2","100","Song","US","0.00000","0.007670569657",
"2026-03-25","2026-03-25","2026-02","Apple Music","T. Work/The Workman Experience","Lone Star Rally Closing Out the Night v14","QZFZ32678225","199934966992","3","100","Song","US","0.00000","0.011505854485",
"2026-03-25","2026-03-25","2026-02","Apple Music","T. Work/The Workman Experience","Lone Star Rally HARD RIDERS MC — FRIDAY NIGHT PARTY copy 2","QT6G72590261","199939291976","2","100","Song","US","0.00000","0.007670569657",
"2026-03-25","2026-03-25","2026-02","Apple Music","T. Work/The Workman Experience","Lone Star Rally HARD RIDERS MC — FRIDAY NIGHT PARTY copy","QT6G72590260","199939291976","2","100","Song","US","0.00000","0.007670569657",
"2026-03-25","2026-03-25","2026-02","Apple Music","T. Work/The Workman Experience","Lone Star Rally HARD RIDERS MC — FRIDAY NIGHT PARTY","QT6G72590259","199939291976","1","100","Song","US","0.00000","0.003835284828",
"2026-03-25","2026-03-25","2026-02","Apple Music","T. Work/The Workman Experience","Lone Star Rally LONE STAR NIGHT RIDING","QT6G72590258","199939291976","1","100","Song","US","0.00000","0.003835284828",
"2026-03-25","2026-03-25","2026-02","Apple Music","T. Work/The Workman Experience","Lone Star Rally THE STRAND (NIGHT) + FRIDAY RIDE","QT6G72590257","199939291976","2","100","Song","US","0.00000","0.007670569657",
"2026-03-25","2026-03-25","2026-02","Apple Music","T. Work/The Workman Experience","Lone Star Rally THE SET MEET UP (7 DAYS CITGO) v6","QT6G72590256","199939291976","1","100","Song","US","0.00000","0.003835284828",
"2026-03-25","2026-03-25","2026-02","Apple Music","T. Work/The Workman Experience","Lone Star Rally THE SET -MEET UP at 7 DAYS CITGO v3","QT6G72590255","199939291976","2","100","Song","US","0.00000","0.007670569657",
"2026-03-25","2026-03-25","2026-02","Apple Music","T. Work/The Workman Experience","Lone Star Rally PIER 21 v1","QT6G72590254","199939291976","1","100","Song","US","0.00000","0.003835284828",
"2026-03-25","2026-03-25","2026-02","Apple Music","T. Work/The Workman Experience","Lone Star Rally PIER 21 v2","QT6G72590253","199939291976","2","100","Song","US","0.00000","0.007670569657",
"2026-03-25","2026-03-25","2026-02","Apple Music","T. Work/The Workman Experience","Lone Star Rally SEAWALL BLVD v2","QT6G72590252","199939291976","1","100","Song","US","0.00000","0.003835284828",
"2026-03-25","2026-03-25","2026-02","Apple Music","T. Work/The Workman Experience","Lone Star Rally Day 2 Headley Park Country v1","QT6G72590251","199939291976","1","100","Song","US","0.00000","0.003835284828",
"2026-03-25","2026-03-25","2026-02","Apple Music","T. Work/The Workman Experience","Lone Star Rally Instrument v2","QT6G72590250","199939291976","1","100","Song","US","0.00000","0.003835284828",
"2026-03-25","2026-03-25","2026-02","Apple Music","T. Work/The Workman Experience","LONE STAR RALLY DAY 1 Hip Hop Indie","QT6FY2597922","199942850061","1","100","Song","US","0.00000","0.003835284828",
"2026-03-25","2026-03-25","2026-02","Apple Music","T. Work/The Workman Experience","Lone Star Rally Country Anthem (Travel Anthem with Southern Rally Energy)","QT6FY2597920","199942850061","1","100","Song","US","0.00000","0.003835284828",
"2026-03-25","2026-03-25","2026-02","Apple Music","T. Work/The Workman Experience","24 Hours In The Zone Drill v6","QT6FK2548237","199944510901","4","100","Song","US","0.00000","0.015341139314",
"2026-03-25","2026-03-25","2026-02","Apple Music","T. Work/The Workman Experience","24 Hours In The Zone TX Rap v5","QT6FK2548236","199944510901","1","100","Song","US","0.00000","0.003835284828",
"2026-03-25","2026-03-25","2026-02","Apple Music","T. Work/The Workman Experience","24 Hours In The Zone Anthem Trap v4","QT6FK2548235","199944510901","4","100","Song","US","0.00000","0.015341139314",
"2026-03-25","2026-03-25","2026-02","Apple Music","T. Work/The Workman Experience","24 Hours In The Zone 2015 Late Trap v3","QT6FK2548234","199944510901","2","100","Song","US","0.00000","0.007670569657",
"2026-03-25","2026-03-25","2026-02","Apple Music","T. Work/The Workman Experience","24 Hours In The Zone Early Classic Trap v2","QT6FK2548233","199944510901","3","100","Song","US","0.00000","0.011505854485",
"2026-03-25","2026-03-25","2026-02","Apple Music","T. Work/The Workman Experience","24 Hours In The Zone v1 (TX Country Rap Version)","QT6FK2550455","199944510925","2","100","Song","US","0.00000","0.007703572108",
"2026-03-25","2026-03-25","2026-02","Apple Music","T. Work/The Workman Experience","24 Hours In The Zone TX Rap v5","QT6FK2548236","199944510901","1","100","Song","CH","0.00000","0.007013179670",
"2026-03-24","2026-03-24","2026-02","Apple Music","T. Work/The Workman Experience","24 Hours In The Zone Anthem Trap v4","QT6FK2548235","199944510901","1","100","Song","CA","0.00000","0.003779615263",
"2026-03-17","2026-03-17","2026-01","Amazon Prime (Streaming)","T. Work/The Workman Experience","Lone Star Rally SATURDAY NIGHT Closing Out the Night v3","QZFZ32678228","199934966992","1","100","Song","US","0.00000","0.004266128636",
"2026-03-17","2026-03-17","2026-01","Amazon Prime (Streaming)","T. Work/The Workman Experience","Lone Star Rally Instrument v2","QT6G72590250","199939291976","1","100","Song","US","0.00000","0.002133064318",
"2026-03-17","2026-03-17","2026-01","Amazon Prime (Streaming)","T. Work/The Workman Experience","Lone Star Rally INTRO HYPE COUNTRY","QT6FY2597921","199942850061","20","100","Song","US","0.00000","0.083189508413",
"2026-03-17","2026-03-17","2026-01","Amazon Prime (Streaming)","T. Work/The Workman Experience","24 Hours In The Zone Drill v6","QT6FK2548237","199944510901","1","100","Song","US","0.00000","0.002133064318",
"2026-03-17","2026-03-17","2026-01","Amazon Prime (Streaming)","T. Work/The Workman Experience","24 Hours In The Zone 2015 Late Trap v3","QT6FK2548234","199944510901","2","100","Song","US","0.00000","0.004266128636",
"2026-03-16","2026-03-16","2026-01","Tidal","T. Work/The Workman Experience","24 Hours In The Zone Anthem Trap v4","QT6FK2548235","199944510901","5","100","Song","US","0.00000","0.063629133288",
"2026-02-26","2026-02-26","2026-01","Apple Music","T. Work/The Workman Experience","24 Hours In The Zone Anthem Trap v4","QT6FK2548235","199944510901","1","100","Song","ZA","0.00000","0.002442399717",
"2026-02-26","2026-02-26","2026-01","Apple Music","T. Work/The Workman Experience","Lone Star Rally HARD RIDERS MC — FRIDAY NIGHT PARTY copy","QT6G72590260","199939291976","1","100","Song","US","0.00000","0.003840451885",
"2026-02-26","2026-02-26","2026-01","Apple Music","T. Work/The Workman Experience","Lone Star Rally HARD RIDERS MC — FRIDAY NIGHT PARTY","QT6G72590259","199939291976","1","100","Song","US","0.00000","0.003840451885",
"2026-02-26","2026-02-26","2026-01","Apple Music","T. Work/The Workman Experience","Lone Star Rally THE SET -MEET UP at 7 DAYS CITGO v3","QT6G72590255","199939291976","1","100","Song","US","0.00000","0.003840451885",
"2026-02-26","2026-02-26","2026-01","Apple Music","T. Work/The Workman Experience","Lone Star Rally PIER 21 v1","QT6G72590254","199939291976","1","100","Song","US","0.00000","0.003840451885",
"2026-02-26","2026-02-26","2026-01","Apple Music","T. Work/The Workman Experience","Lone Star Rally PIER 21 v2","QT6G72590253","199939291976","2","100","Song","US","0.00000","0.007680903770",
"2026-02-26","2026-02-26","2026-01","Apple Music","T. Work/The Workman Experience","Lone Star Rally SEAWALL BLVD v2","QT6G72590252","199939291976","1","100","Song","US","0.00000","0.003840451885",
"2026-02-26","2026-02-26","2026-01","Apple Music","T. Work/The Workman Experience","Lone Star Rally Day 2 Headley Park Country v1","QT6G72590251","199939291976","1","100","Song","US","0.00000","0.003840451885",
"2026-02-26","2026-02-26","2026-01","Apple Music","T. Work/The Workman Experience","Lone Star Rally Instrument v2","QT6G72590250","199939291976","1","100","Song","US","0.00000","0.003840451885",
"2026-02-26","2026-02-26","2026-01","Apple Music","T. Work/The Workman Experience","LONE STAR RALLY DAY 1 Hip Hop Indie","QT6FY2597922","199942850061","3","100","Song","US","0.00000","0.011521355656",
"2026-02-26","2026-02-26","2026-01","Apple Music","T. Work/The Workman Experience","Lone Star Rally INTRO HYPE COUNTRY","QT6FY2597921","199942850061","2","100","Song","US","0.00000","0.007680903770",
"2026-02-26","2026-02-26","2026-01","Apple Music","T. Work/The Workman Experience","Lone Star Rally Country Anthem (Travel Anthem with Southern Rally Energy)","QT6FY2597920","199942850061","3","100","Song","US","0.00000","0.011521355656",
"2026-02-26","2026-02-26","2026-01","Apple Music","T. Work/The Workman Experience","24 Hours In The Zone Drill v6","QT6FK2548237","199944510901","12","100","Song","US","0.00000","0.046085422625",
"2026-02-26","2026-02-26","2026-01","Apple Music","T. Work/The Workman Experience","24 Hours In The Zone TX Rap v5","QT6FK2548236","199944510901","4","100","Song","US","0.00000","0.015361807541",
"2026-02-26","2026-02-26","2026-01","Apple Music","T. Work/The Workman Experience","24 Hours In The Zone Anthem Trap v4","QT6FK2548235","199944510901","11","100","Song","US","0.00000","0.043083632669",
"2026-02-26","2026-02-26","2026-01","Apple Music","T. Work/The Workman Experience","24 Hours In The Zone 2015 Late Trap v3","QT6FK2548234","199944510901","3","100","Song","US","0.00000","0.011521355656",
"2026-02-26","2026-02-26","2026-01","Apple Music","T. Work/The Workman Experience","24 Hours In The Zone Early Classic Trap v2","QT6FK2548233","199944510901","9","100","Song","US","0.00000","0.034564066969",
"2026-02-26","2026-02-26","2026-01","Apple Music","T. Work/The Workman Experience","24 Hours In The Zone v1 (TX Country Rap Version)","QT6FK2550455","199944510925","4","100","Song","US","0.00000","0.015437776918",
"2026-02-24","2026-02-24","2026-01","YouTube (Red) - Composition","T. Work/The Workman Experience","LONE STAR RALLY DAY 1 Hip Hop Indie","QT6FY2597922","199942850061","5","100","Song","US","0.00000","0.004704549202",
"2026-02-24","2026-02-24","2026-01","YouTube (Red) - Composition","T. Work/The Workman Experience","Lone Star Rally INTRO HYPE COUNTRY","QT6FY2597921","199942850061","5","100","Song","US","0.00000","0.004704549202",
"2026-02-24","2026-02-24","2026-01","YouTube (Red) - Composition","T. Work/The Workman Experience","Lone Star Rally Country Anthem (Travel Anthem with Southern Rally Energy)","QT6FY2597920","199942850061","5","100","Song","US","0.00000","0.004704549202",
"2026-02-24","2026-02-24","2026-01","YouTube (Red) - Composition","T. Work/The Workman Experience","24 Hours In The Zone Anthem Trap v4","QT6FK2548235","199944510901","4","100","Song","US","0.00000","0.007144290321",
"2026-02-24","2026-02-24","2026-01","YouTube (Red) - Composition","T. Work/The Workman Experience","24 Hours In The Zone Anthem Trap v4","QT6FK2548235","199944510901","1","100","Song","US","0.00000","0.000504058843",
"2026-02-24","2026-02-24","2026-01","YouTube (Red) - Composition","T. Work/The Workman Experience","24 Hours In The Zone 2015 Late Trap v3","QT6FK2548234","199944510901","1","100","Song","US","0.00000","0.000504058843",
"2026-02-24","2026-02-24","2026-01","YouTube (Red) - Composition","T. Work/The Workman Experience","24 Hours In The Zone Early Classic Trap v2","QT6FK2548233","199944510901","1","100","Song","US","0.00000","0.000504058843",
"2026-02-24","2026-02-24","2026-01","YouTube (Red) - Composition","T. Work/The Workman Experience","24 Hours In The Zone v1 (TX Country Rap Version)","QT6FK2550455","199944510925","1","100","Song","US","0.00000","0.000504058843",
"2026-02-24","2026-02-24","2026-01","YouTube (Ads) - Composition","T. Work/The Workman Experience","LONE STAR RALLY DAY 1 Hip Hop Indie","QT6FY2597922","199942850061","40","100","Song","US","0.00000","0.022886397317",
"2026-02-24","2026-02-24","2026-01","YouTube (Ads) - Composition","T. Work/The Workman Experience","Lone Star Rally INTRO HYPE COUNTRY","QT6FY2597921","199942850061","40","100","Song","US","0.00000","0.022886397317",
"2026-02-24","2026-02-24","2026-01","YouTube (Ads) - Composition","T. Work/The Workman Experience","Lone Star Rally Country Anthem (Travel Anthem with Southern Rally Energy)","QT6FY2597920","199942850061","40","100","Song","US","0.00000","0.022886397317",
"2026-02-24","2026-02-24","2026-01","YouTube (Ads) - Composition","T. Work/The Workman Experience","24 Hours In The Zone Anthem Trap v4","QT6FK2548235","199944510901","29","100","Song","US","0.00000","0.010199871882",
"2026-02-24","2026-02-24","2026-01","YouTube (Ads) - Composition","T. Work/The Workman Experience","24 Hours In The Zone Anthem Trap v4","QT6FK2548235","199944510901","8","100","Song","US","0.00000","0.002744911576",
"2026-02-24","2026-02-24","2026-01","YouTube (Ads) - Composition","T. Work/The Workman Experience","24 Hours In The Zone 2015 Late Trap v3","QT6FK2548234","199944510901","8","100","Song","US","0.00000","0.002744911576",
"2026-02-24","2026-02-24","2026-01","YouTube (Ads) - Composition","T. Work/The Workman Experience","24 Hours In The Zone Early Classic Trap v2","QT6FK2548233","199944510901","8","100","Song","US","0.00000","0.002744911576",
"2026-02-24","2026-02-24","2026-01","YouTube (ContentID)","T. Work/The Workman Experience","Lone Star Rally HARD RIDERS MC — FRIDAY NIGHT PARTY copy 2","QT6G72590261","199939291976","0","100","Song","VN","0.00000","0.000032293163",
"2026-02-24","2026-02-24","2026-01","YouTube (ContentID)","T. Work/The Workman Experience","Lone Star Rally HARD RIDERS MC — FRIDAY NIGHT PARTY copy 2","QT6G72590261","199939291976","0","100","Song","VE","0.00000","0.002248047817",
"2026-02-24","2026-02-24","2026-01","YouTube (ContentID)","T. Work/The Workman Experience","Lone Star Rally HARD RIDERS MC — FRIDAY NIGHT PARTY copy 2","QT6G72590261","199939291976","199","100","Song","US","0.00000","0.264416527287",
"2026-02-24","2026-02-24","2026-01","YouTube (ContentID)","T. Work/The Workman Experience","Lone Star Rally HARD RIDERS MC — FRIDAY NIGHT PARTY copy 2","QT6G72590261","199939291976","6","100","Song","PK","0.00000","0.000627934737",
"2026-02-24","2026-02-24","2026-01","YouTube (ContentID)","T. Work/The Workman Experience","Lone Star Rally HARD RIDERS MC — FRIDAY NIGHT PARTY copy 2","QT6G72590261","199939291976","1","100","Song","NP","0.00000","0.000063931736",
"2026-02-24","2026-02-24","2026-01","YouTube (ContentID)","T. Work/The Workman Experience","Lone Star Rally HARD RIDERS MC — FRIDAY NIGHT PARTY copy 2","QT6G72590261","199939291976","1","100","Song","MX","0.00000","0.000094333856",
"2026-02-24","2026-02-24","2026-01","YouTube (ContentID)","T. Work/The Workman Experience","Lone Star Rally HARD RIDERS MC — FRIDAY NIGHT PARTY copy 2","QT6G72590261","199939291976","1","100","Song","IQ","0.00000","0.000304894007",
"2026-02-24","2026-02-24","2026-01","YouTube (ContentID)","T. Work/The Workman Experience","Lone Star Rally HARD RIDERS MC — FRIDAY NIGHT PARTY copy 2","QT6G72590261","199939291976","23","100","Song","IN","0.00000","0.038184192435",
"2026-02-24","2026-02-24","2026-01","YouTube (ContentID)","T. Work/The Workman Experience","Lone Star Rally HARD RIDERS MC — FRIDAY NIGHT PARTY copy 2","QT6G72590261","199939291976","3","100","Song","ID","0.00000","0.003122145200",
"2026-02-24","2026-02-24","2026-01","YouTube (ContentID)","T. Work/The Workman Experience","Lone Star Rally HARD RIDERS MC — FRIDAY NIGHT PARTY copy 2","QT6G72590261","199939291976","2","100","Song","GB","0.00000","0.024386611126",
"2026-02-24","2026-02-24","2026-01","YouTube (ContentID)","T. Work/The Workman Experience","Lone Star Rally HARD RIDERS MC — FRIDAY NIGHT PARTY copy 2","QT6G72590261","199939291976","0","100","Song","DO","0.00000","0.000257181586",
"2026-02-24","2026-02-24","2026-01","YouTube (ContentID)","T. Work/The Workman Experience","Lone Star Rally HARD RIDERS MC — FRIDAY NIGHT PARTY copy 2","QT6G72590261","199939291976","0","100","Song","CO","0.00000","0.000165066066",
"2026-02-24","2026-02-24","2026-01","YouTube (ContentID)","T. Work/The Workman Experience","Lone Star Rally HARD RIDERS MC — FRIDAY NIGHT PARTY copy 2","QT6G72590261","199939291976","1","100","Song","CA","0.00000","0.009492589800",
"2026-02-24","2026-02-24","2026-01","YouTube (ContentID)","T. Work/The Workman Experience","Lone Star Rally HARD RIDERS MC — FRIDAY NIGHT PARTY copy 2","QT6G72590261","199939291976","20","100","Song","BD","0.00000","0.061055097717",
"2026-02-24","2026-02-24","2026-01","YouTube (ContentID)","T. Work/The Workman Experience","Lone Star Rally HARD RIDERS MC — FRIDAY NIGHT PARTY copy 2","QT6G72590261","199939291976","0","100","Song","AU","0.00000","0.000145464698",
"2026-02-24","2026-02-24","2026-01","YouTube (ContentID)","T. Work/The Workman Experience","Lone Star Rally HARD RIDERS MC — FRIDAY NIGHT PARTY copy","QT6G72590260","199939291976","0","100","Song","VN","0.00000","0.000032293163",
"2026-02-24","2026-02-24","2026-01","YouTube (ContentID)","T. Work/The Workman Experience","Lone Star Rally HARD RIDERS MC — FRIDAY NIGHT PARTY copy","QT6G72590260","199939291976","0","100","Song","VE","0.00000","0.002248047817",
"2026-02-24","2026-02-24","2026-01","YouTube (ContentID)","T. Work/The Workman Experience","Lone Star Rally HARD RIDERS MC — FRIDAY NIGHT PARTY copy","QT6G72590260","199939291976","199","100","Song","US","0.00000","0.264416527287",
"2026-02-24","2026-02-24","2026-01","YouTube (ContentID)","T. Work/The Workman Experience","Lone Star Rally HARD RIDERS MC — FRIDAY NIGHT PARTY copy","QT6G72590260","199939291976","6","100","Song","PK","0.00000","0.000627934737",
"2026-02-24","2026-02-24","2026-01","YouTube (ContentID)","T. Work/The Workman Experience","Lone Star Rally HARD RIDERS MC — FRIDAY NIGHT PARTY copy","QT6G72590260","199939291976","1","100","Song","NP","0.00000","0.000063931736",
"2026-02-24","2026-02-24","2026-01","YouTube (ContentID)","T. Work/The Workman Experience","Lone Star Rally HARD RIDERS MC — FRIDAY NIGHT PARTY copy","QT6G72590260","199939291976","1","100","Song","MX","0.00000","0.000094333856",
"2026-02-24","2026-02-24","2026-01","YouTube (ContentID)","T. Work/The Workman Experience","Lone Star Rally HARD RIDERS MC — FRIDAY NIGHT PARTY copy","QT6G72590260","199939291976","1","100","Song","IQ","0.00000","0.000304894007",
"2026-02-24","2026-02-24","2026-01","YouTube (ContentID)","T. Work/The Workman Experience","Lone Star Rally HARD RIDERS MC — FRIDAY NIGHT PARTY copy","QT6G72590260","199939291976","23","100","Song","IN","0.00000","0.038184192435",
"2026-02-24","2026-02-24","2026-01","YouTube (ContentID)","T. Work/The Workman Experience","Lone Star Rally HARD RIDERS MC — FRIDAY NIGHT PARTY copy","QT6G72590260","199939291976","3","100","Song","ID","0.00000","0.003122145200",
"2026-02-24","2026-02-24","2026-01","YouTube (ContentID)","T. Work/The Workman Experience","Lone Star Rally HARD RIDERS MC — FRIDAY NIGHT PARTY copy","QT6G72590260","199939291976","2","100","Song","GB","0.00000","0.024386611126",
"2026-02-24","2026-02-24","2026-01","YouTube (ContentID)","T. Work/The Workman Experience","Lone Star Rally HARD RIDERS MC — FRIDAY NIGHT PARTY copy","QT6G72590260","199939291976","0","100","Song","DO","0.00000","0.000257181586",
"2026-02-24","2026-02-24","2026-01","YouTube (ContentID)","T. Work/The Workman Experience","Lone Star Rally HARD RIDERS MC — FRIDAY NIGHT PARTY copy","QT6G72590260","199939291976","0","100","Song","CO","0.00000","0.000165066066",
"2026-02-24","2026-02-24","2026-01","YouTube (ContentID)","T. Work/The Workman Experience","Lone Star Rally HARD RIDERS MC — FRIDAY NIGHT PARTY copy","QT6G72590260","199939291976","1","100","Song","CA","0.00000","0.009492589800",
"2026-02-24","2026-02-24","2026-01","YouTube (ContentID)","T. Work/The Workman Experience","Lone Star Rally HARD RIDERS MC — FRIDAY NIGHT PARTY copy","QT6G72590260","199939291976","20","100","Song","BD","0.00000","0.061055097717",
"2026-02-24","2026-02-24","2026-01","YouTube (ContentID)","T. Work/The Workman Experience","Lone Star Rally HARD RIDERS MC — FRIDAY NIGHT PARTY copy","QT6G72590260","199939291976","0","100","Song","AU","0.00000","0.000145464698",
"2026-02-24","2026-02-24","2026-01","YouTube (ContentID)","T. Work/The Workman Experience","Lone Star Rally HARD RIDERS MC — FRIDAY NIGHT PARTY","QT6G72590259","199939291976","0","100","Song","VN","0.00000","0.000032293163",
"2026-02-24","2026-02-24","2026-01","YouTube (ContentID)","T. Work/The Workman Experience","Lone Star Rally HARD RIDERS MC — FRIDAY NIGHT PARTY","QT6G72590259","199939291976","0","100","Song","VE","0.00000","0.002248047817",
"2026-02-24","2026-02-24","2026-01","YouTube (ContentID)","T. Work/The Workman Experience","Lone Star Rally HARD RIDERS MC — FRIDAY NIGHT PARTY","QT6G72590259","199939291976","199","100","Song","US","0.00000","0.264416527287",
"2026-02-24","2026-02-24","2026-01","YouTube (ContentID)","T. Work/The Workman Experience","Lone Star Rally HARD RIDERS MC — FRIDAY NIGHT PARTY","QT6G72590259","199939291976","6","100","Song","PK","0.00000","0.000627934737",
"2026-02-24","2026-02-24","2026-01","YouTube (ContentID)","T. Work/The Workman Experience","Lone Star Rally HARD RIDERS MC — FRIDAY NIGHT PARTY","QT6G72590259","199939291976","1","100","Song","NP","0.00000","0.000063931736",
"2026-02-24","2026-02-24","2026-01","YouTube (ContentID)","T. Work/The Workman Experience","Lone Star Rally HARD RIDERS MC — FRIDAY NIGHT PARTY","QT6G72590259","199939291976","1","100","Song","MX","0.00000","0.000094333856",
"2026-02-24","2026-02-24","2026-01","YouTube (ContentID)","T. Work/The Workman Experience","Lone Star Rally HARD RIDERS MC — FRIDAY NIGHT PARTY","QT6G72590259","199939291976","1","100","Song","IQ","0.00000","0.000304894007",
"2026-02-24","2026-02-24","2026-01","YouTube (ContentID)","T. Work/The Workman Experience","Lone Star Rally HARD RIDERS MC — FRIDAY NIGHT PARTY","QT6G72590259","199939291976","23","100","Song","IN","0.00000","0.038184192435",
"2026-02-24","2026-02-24","2026-01","YouTube (ContentID)","T. Work/The Workman Experience","Lone Star Rally HARD RIDERS MC — FRIDAY NIGHT PARTY","QT6G72590259","199939291976","3","100","Song","ID","0.00000","0.003122145200",
"2026-02-24","2026-02-24","2026-01","YouTube (ContentID)","T. Work/The Workman Experience","Lone Star Rally HARD RIDERS MC — FRIDAY NIGHT PARTY","QT6G72590259","199939291976","2","100","Song","GB","0.00000","0.024386611126",
"2026-02-24","2026-02-24","2026-01","YouTube (ContentID)","T. Work/The Workman Experience","Lone Star Rally HARD RIDERS MC — FRIDAY NIGHT PARTY","QT6G72590259","199939291976","0","100","Song","DO","0.00000","0.000257181586",
"2026-02-24","2026-02-24","2026-01","YouTube (ContentID)","T. Work/The Workman Experience","Lone Star Rally HARD RIDERS MC — FRIDAY NIGHT PARTY","QT6G72590259","199939291976","0","100","Song","CO","0.00000","0.000165066066",
"2026-02-24","2026-02-24","2026-01","YouTube (ContentID)","T. Work/The Workman Experience","Lone Star Rally HARD RIDERS MC — FRIDAY NIGHT PARTY","QT6G72590259","199939291976","1","100","Song","CA","0.00000","0.009492589800",
"2026-02-24","2026-02-24","2026-01","YouTube (ContentID)","T. Work/The Workman Experience","Lone Star Rally HARD RIDERS MC — FRIDAY NIGHT PARTY","QT6G72590259","199939291976","20","100","Song","BD","0.00000","0.061055097717",
"2026-02-24","2026-02-24","2026-01","YouTube (ContentID)","T. Work/The Workman Experience","Lone Star Rally HARD RIDERS MC — FRIDAY NIGHT PARTY","QT6G72590259","199939291976","0","100","Song","AU","0.00000","0.000145464698",
"2026-02-24","2026-02-24","2026-01","YouTube (ContentID)","T. Work/The Workman Experience","Lone Star Rally LONE STAR NIGHT RIDING","QT6G72590258","199939291976","0","100","Song","VN","0.00000","0.000032293163",
"2026-02-24","2026-02-24","2026-01","YouTube (ContentID)","T. Work/The Workman Experience","Lone Star Rally LONE STAR NIGHT RIDING","QT6G72590258","199939291976","0","100","Song","VE","0.00000","0.002248047817",
"2026-02-24","2026-02-24","2026-01","YouTube (ContentID)","T. Work/The Workman Experience","Lone Star Rally LONE STAR NIGHT RIDING","QT6G72590258","199939291976","199","100","Song","US","0.00000","0.264416527287",
"2026-02-24","2026-02-24","2026-01","YouTube (ContentID)","T. Work/The Workman Experience","Lone Star Rally LONE STAR NIGHT RIDING","QT6G72590258","199939291976","6","100","Song","PK","0.00000","0.000627934737",
"2026-02-24","2026-02-24","2026-01","YouTube (ContentID)","T. Work/The Workman Experience","Lone Star Rally LONE STAR NIGHT RIDING","QT6G72590258","199939291976","1","100","Song","NP","0.00000","0.000063931736",
"2026-02-24","2026-02-24","2026-01","YouTube (ContentID)","T. Work/The Workman Experience","Lone Star Rally LONE STAR NIGHT RIDING","QT6G72590258","199939291976","1","100","Song","MX","0.00000","0.000094333856",
"2026-02-24","2026-02-24","2026-01","YouTube (ContentID)","T. Work/The Workman Experience","Lone Star Rally LONE STAR NIGHT RIDING","QT6G72590258","199939291976","1","100","Song","IQ","0.00000","0.000304894007",
"2026-02-24","2026-02-24","2026-01","YouTube (ContentID)","T. Work/The Workman Experience","Lone Star Rally LONE STAR NIGHT RIDING","QT6G72590258","199939291976","23","100","Song","IN","0.00000","0.038184192435",
"2026-02-24","2026-02-24","2026-01","YouTube (ContentID)","T. Work/The Workman Experience","Lone Star Rally LONE STAR NIGHT RIDING","QT6G72590258","199939291976","3","100","Song","ID","0.00000","0.003122145200",
"2026-02-24","2026-02-24","2026-01","YouTube (ContentID)","T. Work/The Workman Experience","Lone Star Rally LONE STAR NIGHT RIDING","QT6G72590258","199939291976","2","100","Song","GB","0.00000","0.024386611126",
"2026-02-24","2026-02-24","2026-01","YouTube (ContentID)","T. Work/The Workman Experience","Lone Star Rally LONE STAR NIGHT RIDING","QT6G72590258","199939291976","0","100","Song","DO","0.00000","0.000257181586",
"2026-02-24","2026-02-24","2026-01","YouTube (ContentID)","T. Work/The Workman Experience","Lone Star Rally LONE STAR NIGHT RIDING","QT6G72590258","199939291976","0","100","Song","CO","0.00000","0.000165066066",
"2026-02-24","2026-02-24","2026-01","YouTube (ContentID)","T. Work/The Workman Experience","Lone Star Rally LONE STAR NIGHT RIDING","QT6G72590258","199939291976","1","100","Song","CA","0.00000","0.009492589800",
"2026-02-24","2026-02-24","2026-01","YouTube (ContentID)","T. Work/The Workman Experience","Lone Star Rally LONE STAR NIGHT RIDING","QT6G72590258","199939291976","20","100","Song","BD","0.00000","0.061055097717",
"2026-02-24","2026-02-24","2026-01","YouTube (ContentID)","T. Work/The Workman Experience","Lone Star Rally LONE STAR NIGHT RIDING","QT6G72590258","199939291976","0","100","Song","AU","0.00000","0.000145464698",
"2026-02-24","2026-02-24","2026-01","YouTube (ContentID)","T. Work/The Workman Experience","Lone Star Rally THE STRAND (NIGHT) + FRIDAY RIDE","QT6G72590257","199939291976","0","100","Song","VN","0.00000","0.000032293163",
"2026-02-24","2026-02-24","2026-01","YouTube (ContentID)","T. Work/The Workman Experience","Lone Star Rally THE STRAND (NIGHT) + FRIDAY RIDE","QT6G72590257","199939291976","0","100","Song","VE","0.00000","0.002248047817",
"2026-02-24","2026-02-24","2026-01","YouTube (ContentID)","T. Work/The Workman Experience","Lone Star Rally THE STRAND (NIGHT) + FRIDAY RIDE","QT6G72590257","199939291976","199","100","Song","US","0.00000","0.264416527287",
"2026-02-24","2026-02-24","2026-01","YouTube (ContentID)","T. Work/The Workman Experience","Lone Star Rally THE STRAND (NIGHT) + FRIDAY RIDE","QT6G72590257","199939291976","6","100","Song","PK","0.00000","0.000627934737",
"2026-02-24","2026-02-24","2026-01","YouTube (ContentID)","T. Work/The Workman Experience","Lone Star Rally THE STRAND (NIGHT) + FRIDAY RIDE","QT6G72590257","199939291976","1","100","Song","NP","0.00000","0.000063931736",
"2026-02-24","2026-02-24","2026-01","YouTube (ContentID)","T. Work/The Workman Experience","Lone Star Rally THE STRAND (NIGHT) + FRIDAY RIDE","QT6G72590257","199939291976","1","100","Song","MX","0.00000","0.000094333856",
"2026-02-24","2026-02-24","2026-01","YouTube (ContentID)","T. Work/The Workman Experience","Lone Star Rally THE STRAND (NIGHT) + FRIDAY RIDE","QT6G72590257","199939291976","1","100","Song","IQ","0.00000","0.000304894007",
"2026-02-24","2026-02-24","2026-01","YouTube (ContentID)","T. Work/The Workman Experience","Lone Star Rally THE STRAND (NIGHT) + FRIDAY RIDE","QT6G72590257","199939291976","23","100","Song","IN","0.00000","0.038184192435",
"2026-02-24","2026-02-24","2026-01","YouTube (ContentID)","T. Work/The Workman Experience","Lone Star Rally THE STRAND (NIGHT) + FRIDAY RIDE","QT6G72590257","199939291976","3","100","Song","ID","0.00000","0.003122145200",
"2026-02-24","2026-02-24","2026-01","YouTube (ContentID)","T. Work/The Workman Experience","Lone Star Rally THE STRAND (NIGHT) + FRIDAY RIDE","QT6G72590257","199939291976","2","100","Song","GB","0.00000","0.024386611126",
"2026-02-24","2026-02-24","2026-01","YouTube (ContentID)","T. Work/The Workman Experience","Lone Star Rally THE STRAND (NIGHT) + FRIDAY RIDE","QT6G72590257","199939291976","0","100","Song","DO","0.00000","0.000257181586",
"2026-02-24","2026-02-24","2026-01","YouTube (ContentID)","T. Work/The Workman Experience","Lone Star Rally THE STRAND (NIGHT) + FRIDAY RIDE","QT6G72590257","199939291976","0","100","Song","CO","0.00000","0.000165066066",
"2026-02-24","2026-02-24","2026-01","YouTube (ContentID)","T. Work/The Workman Experience","Lone Star Rally THE STRAND (NIGHT) + FRIDAY RIDE","QT6G72590257","199939291976","1","100","Song","CA","0.00000","0.009492589800",
"2026-02-24","2026-02-24","2026-01","YouTube (ContentID)","T. Work/The Workman Experience","Lone Star Rally THE STRAND (NIGHT) + FRIDAY RIDE","QT6G72590257","199939291976","20","100","Song","BD","0.00000","0.061055097717",
"2026-02-24","2026-02-24","2026-01","YouTube (ContentID)","T. Work/The Workman Experience","Lone Star Rally THE STRAND (NIGHT) + FRIDAY RIDE","QT6G72590257","199939291976","0","100","Song","AU","0.00000","0.000145464698",
"2026-02-24","2026-02-24","2026-01","YouTube (ContentID)","T. Work/The Workman Experience","Lone Star Rally THE SET MEET UP (7 DAYS CITGO) v6","QT6G72590256","199939291976","0","100","Song","VN","0.00000","0.000032293163",
"2026-02-24","2026-02-24","2026-01","YouTube (ContentID)","T. Work/The Workman Experience","Lone Star Rally THE SET MEET UP (7 DAYS CITGO) v6","QT6G72590256","199939291976","0","100","Song","VE","0.00000","0.002248047817",
"2026-02-24","2026-02-24","2026-01","YouTube (ContentID)","T. Work/The Workman Experience","Lone Star Rally THE SET MEET UP (7 DAYS CITGO) v6","QT6G72590256","199939291976","199","100","Song","US","0.00000","0.264416527287",
"2026-02-24","2026-02-24","2026-01","YouTube (ContentID)","T. Work/The Workman Experience","Lone Star Rally THE SET MEET UP (7 DAYS CITGO) v6","QT6G72590256","199939291976","6","100","Song","PK","0.00000","0.000627934737",
"2026-02-24","2026-02-24","2026-01","YouTube (ContentID)","T. Work/The Workman Experience","Lone Star Rally THE SET MEET UP (7 DAYS CITGO) v6","QT6G72590256","199939291976","1","100","Song","NP","0.00000","0.000063931736",
"2026-02-24","2026-02-24","2026-01","YouTube (ContentID)","T. Work/The Workman Experience","Lone Star Rally THE SET MEET UP (7 DAYS CITGO) v6","QT6G72590256","199939291976","1","100","Song","MX","0.00000","0.000094333856",
"2026-02-24","2026-02-24","2026-01","YouTube (ContentID)","T. Work/The Workman Experience","Lone Star Rally THE SET MEET UP (7 DAYS CITGO) v6","QT6G72590256","199939291976","1","100","Song","IQ","0.00000","0.000304894007",
"2026-02-24","2026-02-24","2026-01","YouTube (ContentID)","T. Work/The Workman Experience","Lone Star Rally THE SET MEET UP (7 DAYS CITGO) v6","QT6G72590256","199939291976","23","100","Song","IN","0.00000","0.038184192435",
"2026-02-24","2026-02-24","2026-01","YouTube (ContentID)","T. Work/The Workman Experience","Lone Star Rally THE SET MEET UP (7 DAYS CITGO) v6","QT6G72590256","199939291976","3","100","Song","ID","0.00000","0.003122145200",
"2026-02-24","2026-02-24","2026-01","YouTube (ContentID)","T. Work/The Workman Experience","Lone Star Rally THE SET MEET UP (7 DAYS CITGO) v6","QT6G72590256","199939291976","2","100","Song","GB","0.00000","0.024386611126",
"2026-02-24","2026-02-24","2026-01","YouTube (ContentID)","T. Work/The Workman Experience","Lone Star Rally THE SET MEET UP (7 DAYS CITGO) v6","QT6G72590256","199939291976","0","100","Song","DO","0.00000","0.000257181586",
"2026-02-24","2026-02-24","2026-01","YouTube (ContentID)","T. Work/The Workman Experience","Lone Star Rally THE SET MEET UP (7 DAYS CITGO) v6","QT6G72590256","199939291976","0","100","Song","CO","0.00000","0.000165066066",
"2026-02-24","2026-02-24","2026-01","YouTube (ContentID)","T. Work/The Workman Experience","Lone Star Rally THE SET MEET UP (7 DAYS CITGO) v6","QT6G72590256","199939291976","1","100","Song","CA","0.00000","0.009492589800",
"2026-02-24","2026-02-24","2026-01","YouTube (ContentID)","T. Work/The Workman Experience","Lone Star Rally THE SET MEET UP (7 DAYS CITGO) v6","QT6G72590256","199939291976","20","100","Song","BD","0.00000","0.061055097717",
"2026-02-24","2026-02-24","2026-01","YouTube (ContentID)","T. Work/The Workman Experience","Lone Star Rally THE SET MEET UP (7 DAYS CITGO) v6","QT6G72590256","199939291976","0","100","Song","AU","0.00000","0.000145464698",
"2026-02-24","2026-02-24","2026-01","YouTube (ContentID)","T. Work/The Workman Experience","Lone Star Rally THE SET -MEET UP at 7 DAYS CITGO v3","QT6G72590255","199939291976","0","100","Song","VN","0.00000","0.000032293163",
"2026-02-24","2026-02-24","2026-01","YouTube (ContentID)","T. Work/The Workman Experience","Lone Star Rally THE SET -MEET UP at 7 DAYS CITGO v3","QT6G72590255","199939291976","0","100","Song","VE","0.00000","0.002248047817",
"2026-02-24","2026-02-24","2026-01","YouTube (ContentID)","T. Work/The Workman Experience","Lone Star Rally THE SET -MEET UP at 7 DAYS CITGO v3","QT6G72590255","199939291976","199","100","Song","US","0.00000","0.264416527287",
"2026-02-24","2026-02-24","2026-01","YouTube (ContentID)","T. Work/The Workman Experience","Lone Star Rally THE SET -MEET UP at 7 DAYS CITGO v3","QT6G72590255","199939291976","6","100","Song","PK","0.00000","0.000627934737",
"2026-02-24","2026-02-24","2026-01","YouTube (ContentID)","T. Work/The Workman Experience","Lone Star Rally THE SET -MEET UP at 7 DAYS CITGO v3","QT6G72590255","199939291976","1","100","Song","NP","0.00000","0.000063931736",
"2026-02-24","2026-02-24","2026-01","YouTube (ContentID)","T. Work/The Workman Experience","Lone Star Rally THE SET -MEET UP at 7 DAYS CITGO v3","QT6G72590255","199939291976","1","100","Song","MX","0.00000","0.000094333856",
"2026-02-24","2026-02-24","2026-01","YouTube (ContentID)","T. Work/The Workman Experience","Lone Star Rally THE SET -MEET UP at 7 DAYS CITGO v3","QT6G72590255","199939291976","1","100","Song","IQ","0.00000","0.000304894007",
"2026-02-24","2026-02-24","2026-01","YouTube (ContentID)","T. Work/The Workman Experience","Lone Star Rally THE SET -MEET UP at 7 DAYS CITGO v3","QT6G72590255","199939291976","23","100","Song","IN","0.00000","0.038184192435",
"2026-02-24","2026-02-24","2026-01","YouTube (ContentID)","T. Work/The Workman Experience","Lone Star Rally THE SET -MEET UP at 7 DAYS CITGO v3","QT6G72590255","199939291976","3","100","Song","ID","0.00000","0.003122145200",
"2026-02-24","2026-02-24","2026-01","YouTube (ContentID)","T. Work/The Workman Experience","Lone Star Rally THE SET -MEET UP at 7 DAYS CITGO v3","QT6G72590255","199939291976","2","100","Song","GB","0.00000","0.024386611126",
"2026-02-24","2026-02-24","2026-01","YouTube (ContentID)","T. Work/The Workman Experience","Lone Star Rally THE SET -MEET UP at 7 DAYS CITGO v3","QT6G72590255","199939291976","0","100","Song","DO","0.00000","0.000257181586",
"2026-02-24","2026-02-24","2026-01","YouTube (ContentID)","T. Work/The Workman Experience","Lone Star Rally THE SET -MEET UP at 7 DAYS CITGO v3","QT6G72590255","199939291976","0","100","Song","CO","0.00000","0.000165066066",
"2026-02-24","2026-02-24","2026-01","YouTube (ContentID)","T. Work/The Workman Experience","Lone Star Rally THE SET -MEET UP at 7 DAYS CITGO v3","QT6G72590255","199939291976","1","100","Song","CA","0.00000","0.009492589800",
"2026-02-24","2026-02-24","2026-01","YouTube (ContentID)","T. Work/The Workman Experience","Lone Star Rally THE SET -MEET UP at 7 DAYS CITGO v3","QT6G72590255","199939291976","20","100","Song","BD","0.00000","0.061055097717",
"2026-02-24","2026-02-24","2026-01","YouTube (ContentID)","T. Work/The Workman Experience","Lone Star Rally THE SET -MEET UP at 7 DAYS CITGO v3","QT6G72590255","199939291976","0","100","Song","AU","0.00000","0.000145464698",
"2026-02-24","2026-02-24","2026-01","YouTube (ContentID)","T. Work/The Workman Experience","Lone Star Rally PIER 21 v1","QT6G72590254","199939291976","0","100","Song","VN","0.00000","0.000032293163",
"2026-02-24","2026-02-24","2026-01","YouTube (ContentID)","T. Work/The Workman Experience","Lone Star Rally PIER 21 v1","QT6G72590254","199939291976","0","100","Song","VE","0.00000","0.002248047817",
"2026-02-24","2026-02-24","2026-01","YouTube (ContentID)","T. Work/The Workman Experience","Lone Star Rally PIER 21 v1","QT6G72590254","199939291976","199","100","Song","US","0.00000","0.264416527287",
"2026-02-24","2026-02-24","2026-01","YouTube (ContentID)","T. Work/The Workman Experience","Lone Star Rally PIER 21 v1","QT6G72590254","199939291976","6","100","Song","PK","0.00000","0.000627934737",
"2026-02-24","2026-02-24","2026-01","YouTube (ContentID)","T. Work/The Workman Experience","Lone Star Rally PIER 21 v1","QT6G72590254","199939291976","1","100","Song","NP","0.00000","0.000063931736",
"2026-02-24","2026-02-24","2026-01","YouTube (ContentID)","T. Work/The Workman Experience","Lone Star Rally PIER 21 v1","QT6G72590254","199939291976","1","100","Song","MX","0.00000","0.000094333856",
"2026-02-24","2026-02-24","2026-01","YouTube (ContentID)","T. Work/The Workman Experience","Lone Star Rally PIER 21 v1","QT6G72590254","199939291976","1","100","Song","IQ","0.00000","0.000304894007",
"2026-02-24","2026-02-24","2026-01","YouTube (ContentID)","T. Work/The Workman Experience","Lone Star Rally PIER 21 v1","QT6G72590254","199939291976","23","100","Song","IN","0.00000","0.038184192435",
"2026-02-24","2026-02-24","2026-01","YouTube (ContentID)","T. Work/The Workman Experience","Lone Star Rally PIER 21 v1","QT6G72590254","199939291976","3","100","Song","ID","0.00000","0.003122145200",
"2026-02-24","2026-02-24","2026-01","YouTube (ContentID)","T. Work/The Workman Experience","Lone Star Rally PIER 21 v1","QT6G72590254","199939291976","2","100","Song","GB","0.00000","0.024386611126",
"2026-02-24","2026-02-24","2026-01","YouTube (ContentID)","T. Work/The Workman Experience","Lone Star Rally PIER 21 v1","QT6G72590254","199939291976","0","100","Song","DO","0.00000","0.000257181586",
"2026-02-24","2026-02-24","2026-01","YouTube (ContentID)","T. Work/The Workman Experience","Lone Star Rally PIER 21 v1","QT6G72590254","199939291976","0","100","Song","CO","0.00000","0.000165066066",
"2026-02-24","2026-02-24","2026-01","YouTube (ContentID)","T. Work/The Workman Experience","Lone Star Rally PIER 21 v1","QT6G72590254","199939291976","1","100","Song","CA","0.00000","0.009492589800",
"2026-02-24","2026-02-24","2026-01","YouTube (ContentID)","T. Work/The Workman Experience","Lone Star Rally PIER 21 v1","QT6G72590254","199939291976","20","100","Song","BD","0.00000","0.061055097717",
"2026-02-24","2026-02-24","2026-01","YouTube (ContentID)","T. Work/The Workman Experience","Lone Star Rally PIER 21 v1","QT6G72590254","199939291976","0","100","Song","AU","0.00000","0.000145464698",
"2026-02-24","2026-02-24","2026-01","YouTube (ContentID)","T. Work/The Workman Experience","Lone Star Rally PIER 21 v2","QT6G72590253","199939291976","0","100","Song","VN","0.00000","0.000032293163",
"2026-02-24","2026-02-24","2026-01","YouTube (ContentID)","T. Work/The Workman Experience","Lone Star Rally PIER 21 v2","QT6G72590253","199939291976","0","100","Song","VE","0.00000","0.002248047817",
"2026-02-24","2026-02-24","2026-01","YouTube (ContentID)","T. Work/The Workman Experience","Lone Star Rally PIER 21 v2","QT6G72590253","199939291976","199","100","Song","US","0.00000","0.264416527287",
"2026-02-24","2026-02-24","2026-01","YouTube (ContentID)","T. Work/The Workman Experience","Lone Star Rally PIER 21 v2","QT6G72590253","199939291976","6","100","Song","PK","0.00000","0.000627934737",
"2026-02-24","2026-02-24","2026-01","YouTube (ContentID)","T. Work/The Workman Experience","Lone Star Rally PIER 21 v2","QT6G72590253","199939291976","1","100","Song","NP","0.00000","0.000063931736",
"2026-02-24","2026-02-24","2026-01","YouTube (ContentID)","T. Work/The Workman Experience","Lone Star Rally PIER 21 v2","QT6G72590253","199939291976","1","100","Song","MX","0.00000","0.000094333856",
"2026-02-24","2026-02-24","2026-01","YouTube (ContentID)","T. Work/The Workman Experience","Lone Star Rally PIER 21 v2","QT6G72590253","199939291976","1","100","Song","IQ","0.00000","0.000304894007",
"2026-02-24","2026-02-24","2026-01","YouTube (ContentID)","T. Work/The Workman Experience","Lone Star Rally PIER 21 v2","QT6G72590253","199939291976","23","100","Song","IN","0.00000","0.038184192435",
"2026-02-24","2026-02-24","2026-01","YouTube (ContentID)","T. Work/The Workman Experience","Lone Star Rally PIER 21 v2","QT6G72590253","199939291976","3","100","Song","ID","0.00000","0.003122145200",
"2026-02-24","2026-02-24","2026-01","YouTube (ContentID)","T. Work/The Workman Experience","Lone Star Rally PIER 21 v2","QT6G72590253","199939291976","2","100","Song","GB","0.00000","0.024386611126",
"2026-02-24","2026-02-24","2026-01","YouTube (ContentID)","T. Work/The Workman Experience","Lone Star Rally PIER 21 v2","QT6G72590253","199939291976","0","100","Song","DO","0.00000","0.000257181586",
"2026-02-24","2026-02-24","2026-01","YouTube (ContentID)","T. Work/The Workman Experience","Lone Star Rally PIER 21 v2","QT6G72590253","199939291976","0","100","Song","CO","0.00000","0.000165066066",
"2026-02-24","2026-02-24","2026-01","YouTube (ContentID)","T. Work/The Workman Experience","Lone Star Rally PIER 21 v2","QT6G72590253","199939291976","1","100","Song","CA","0.00000","0.009492589800",
"2026-02-24","2026-02-24","2026-01","YouTube (ContentID)","T. Work/The Workman Experience","Lone Star Rally PIER 21 v2","QT6G72590253","199939291976","20","100","Song","BD","0.00000","0.061055097717",
"2026-02-24","2026-02-24","2026-01","YouTube (ContentID)","T. Work/The Workman Experience","Lone Star Rally PIER 21 v2","QT6G72590253","199939291976","0","100","Song","AU","0.00000","0.000145464698",
"2026-02-24","2026-02-24","2026-01","YouTube (ContentID)","T. Work/The Workman Experience","Lone Star Rally SEAWALL BLVD v2","QT6G72590252","199939291976","0","100","Song","VN","0.00000","0.000032293163",
"2026-02-24","2026-02-24","2026-01","YouTube (ContentID)","T. Work/The Workman Experience","Lone Star Rally SEAWALL BLVD v2","QT6G72590252","199939291976","0","100","Song","VE","0.00000","0.002248047817",
"2026-02-24","2026-02-24","2026-01","YouTube (ContentID)","T. Work/The Workman Experience","Lone Star Rally SEAWALL BLVD v2","QT6G72590252","199939291976","199","100","Song","US","0.00000","0.264416527287",
"2026-02-24","2026-02-24","2026-01","YouTube (ContentID)","T. Work/The Workman Experience","Lone Star Rally SEAWALL BLVD v2","QT6G72590252","199939291976","6","100","Song","PK","0.00000","0.000627934737",
"2026-02-24","2026-02-24","2026-01","YouTube (ContentID)","T. Work/The Workman Experience","Lone Star Rally SEAWALL BLVD v2","QT6G72590252","199939291976","1","100","Song","NP","0.00000","0.000063931736",
"2026-02-24","2026-02-24","2026-01","YouTube (ContentID)","T. Work/The Workman Experience","Lone Star Rally SEAWALL BLVD v2","QT6G72590252","199939291976","1","100","Song","MX","0.00000","0.000094333856",
"2026-02-24","2026-02-24","2026-01","YouTube (ContentID)","T. Work/The Workman Experience","Lone Star Rally SEAWALL BLVD v2","QT6G72590252","199939291976","1","100","Song","IQ","0.00000","0.000304894007",
"2026-02-24","2026-02-24","2026-01","YouTube (ContentID)","T. Work/The Workman Experience","Lone Star Rally SEAWALL BLVD v2","QT6G72590252","199939291976","23","100","Song","IN","0.00000","0.038184192435",
"2026-02-24","2026-02-24","2026-01","YouTube (ContentID)","T. Work/The Workman Experience","Lone Star Rally SEAWALL BLVD v2","QT6G72590252","199939291976","3","100","Song","ID","0.00000","0.003122145200",
"2026-02-24","2026-02-24","2026-01","YouTube (ContentID)","T. Work/The Workman Experience","Lone Star Rally SEAWALL BLVD v2","QT6G72590252","199939291976","2","100","Song","GB","0.00000","0.024386611126",
"2026-02-24","2026-02-24","2026-01","YouTube (ContentID)","T. Work/The Workman Experience","Lone Star Rally SEAWALL BLVD v2","QT6G72590252","199939291976","0","100","Song","DO","0.00000","0.000257181586",
"2026-02-24","2026-02-24","2026-01","YouTube (ContentID)","T. Work/The Workman Experience","Lone Star Rally SEAWALL BLVD v2","QT6G72590252","199939291976","0","100","Song","CO","0.00000","0.000165066066",
"2026-02-24","2026-02-24","2026-01","YouTube (ContentID)","T. Work/The Workman Experience","Lone Star Rally SEAWALL BLVD v2","QT6G72590252","199939291976","1","100","Song","CA","0.00000","0.009492589800",
"2026-02-24","2026-02-24","2026-01","YouTube (ContentID)","T. Work/The Workman Experience","Lone Star Rally SEAWALL BLVD v2","QT6G72590252","199939291976","20","100","Song","BD","0.00000","0.061055097717",
"2026-02-24","2026-02-24","2026-01","YouTube (ContentID)","T. Work/The Workman Experience","Lone Star Rally SEAWALL BLVD v2","QT6G72590252","199939291976","0","100","Song","AU","0.00000","0.000145464698",
"2026-02-24","2026-02-24","2026-01","YouTube (ContentID)","T. Work/The Workman Experience","Lone Star Rally Day 2 Headley Park Country v1","QT6G72590251","199939291976","0","100","Song","VN","0.00000","0.000032293163",
"2026-02-24","2026-02-24","2026-01","YouTube (ContentID)","T. Work/The Workman Experience","Lone Star Rally Day 2 Headley Park Country v1","QT6G72590251","199939291976","0","100","Song","VE","0.00000","0.002248047817",
"2026-02-24","2026-02-24","2026-01","YouTube (ContentID)","T. Work/The Workman Experience","Lone Star Rally Day 2 Headley Park Country v1","QT6G72590251","199939291976","199","100","Song","US","0.00000","0.264416527287",
"2026-02-24","2026-02-24","2026-01","YouTube (ContentID)","T. Work/The Workman Experience","Lone Star Rally Day 2 Headley Park Country v1","QT6G72590251","199939291976","6","100","Song","PK","0.00000","0.000627934737",
"2026-02-24","2026-02-24","2026-01","YouTube (ContentID)","T. Work/The Workman Experience","Lone Star Rally Day 2 Headley Park Country v1","QT6G72590251","199939291976","1","100","Song","NP","0.00000","0.000063931736",
"2026-02-24","2026-02-24","2026-01","YouTube (ContentID)","T. Work/The Workman Experience","Lone Star Rally Day 2 Headley Park Country v1","QT6G72590251","199939291976","1","100","Song","MX","0.00000","0.000094333856",
"2026-02-24","2026-02-24","2026-01","YouTube (ContentID)","T. Work/The Workman Experience","Lone Star Rally Day 2 Headley Park Country v1","QT6G72590251","199939291976","1","100","Song","IQ","0.00000","0.000304894007",
"2026-02-24","2026-02-24","2026-01","YouTube (ContentID)","T. Work/The Workman Experience","Lone Star Rally Day 2 Headley Park Country v1","QT6G72590251","199939291976","23","100","Song","IN","0.00000","0.038184192435",
"2026-02-24","2026-02-24","2026-01","YouTube (ContentID)","T. Work/The Workman Experience","Lone Star Rally Day 2 Headley Park Country v1","QT6G72590251","199939291976","3","100","Song","ID","0.00000","0.003122145200",
"2026-02-24","2026-02-24","2026-01","YouTube (ContentID)","T. Work/The Workman Experience","Lone Star Rally Day 2 Headley Park Country v1","QT6G72590251","199939291976","2","100","Song","GB","0.00000","0.024386611126",
"2026-02-24","2026-02-24","2026-01","YouTube (ContentID)","T. Work/The Workman Experience","Lone Star Rally Day 2 Headley Park Country v1","QT6G72590251","199939291976","0","100","Song","DO","0.00000","0.000257181586",
"2026-02-24","2026-02-24","2026-01","YouTube (ContentID)","T. Work/The Workman Experience","Lone Star Rally Day 2 Headley Park Country v1","QT6G72590251","199939291976","0","100","Song","CO","0.00000","0.000165066066",
"2026-02-24","2026-02-24","2026-01","YouTube (ContentID)","T. Work/The Workman Experience","Lone Star Rally Day 2 Headley Park Country v1","QT6G72590251","199939291976","1","100","Song","CA","0.00000","0.009492589800",
"2026-02-24","2026-02-24","2026-01","YouTube (ContentID)","T. Work/The Workman Experience","Lone Star Rally Day 2 Headley Park Country v1","QT6G72590251","199939291976","20","100","Song","BD","0.00000","0.061055097717",
"2026-02-24","2026-02-24","2026-01","YouTube (ContentID)","T. Work/The Workman Experience","Lone Star Rally Day 2 Headley Park Country v1","QT6G72590251","199939291976","0","100","Song","AU","0.00000","0.000145464698",
"2026-02-24","2026-02-24","2026-01","YouTube (ContentID)","T. Work/The Workman Experience","Lone Star Rally HARD RIDERS MC — FRIDAY NIGHT PARTY copy 2","QT6G72590261","199939291976","2","100","Song","VN","0.00000","0.000433443592",
"2026-02-24","2026-02-24","2026-01","YouTube (ContentID)","T. Work/The Workman Experience","Lone Star Rally HARD RIDERS MC — FRIDAY NIGHT PARTY copy 2","QT6G72590261","199939291976","3","100","Song","VE","0.00000","0.000081259005",
"2026-02-24","2026-02-24","2026-01","YouTube (ContentID)","T. Work/The Workman Experience","Lone Star Rally HARD RIDERS MC — FRIDAY NIGHT PARTY copy 2","QT6G72590261","199939291976","54","100","Song","US","0.00000","0.137355479889",
"2026-02-24","2026-02-24","2026-01","YouTube (ContentID)","T. Work/The Workman Experience","Lone Star Rally HARD RIDERS MC — FRIDAY NIGHT PARTY copy 2","QT6G72590261","199939291976","0","100","Song","PK","0.00000","0.000065711254",
"2026-02-24","2026-02-24","2026-01","YouTube (ContentID)","T. Work/The Workman Experience","Lone Star Rally HARD RIDERS MC — FRIDAY NIGHT PARTY copy 2","QT6G72590261","199939291976","0","100","Song","PH","0.00000","0.000181025969",
"2026-02-24","2026-02-24","2026-01","YouTube (ContentID)","T. Work/The Workman Experience","Lone Star Rally HARD RIDERS MC — FRIDAY NIGHT PARTY copy 2","QT6G72590261","199939291976","17","100","Song","IN","0.00000","0.015075079032",
"2026-02-24","2026-02-24","2026-01","YouTube (ContentID)","T. Work/The Workman Experience","Lone Star Rally HARD RIDERS MC — FRIDAY NIGHT PARTY copy 2","QT6G72590261","199939291976","4","100","Song","ID","0.00000","0.005887264282",
"2026-02-24","2026-02-24","2026-01","YouTube (ContentID)","T. Work/The Workman Experience","Lone Star Rally HARD RIDERS MC — FRIDAY NIGHT PARTY copy 2","QT6G72590261","199939291976","1","100","Song","DE","0.00000","0.000458138643",
"2026-02-24","2026-02-24","2026-01","YouTube (ContentID)","T. Work/The Workman Experience","Lone Star Rally HARD RIDERS MC — FRIDAY NIGHT PARTY copy 2","QT6G72590261","199939291976","85","100","Song","BD","0.00000","0.018406404887",
"2026-02-24","2026-02-24","2026-01","YouTube (ContentID)","T. Work/The Workman Experience","Lone Star Rally HARD RIDERS MC — FRIDAY NIGHT PARTY copy 2","QT6G72590261","199939291976","1","100","Song","AU","0.00000","0.000077258726",
"2026-02-24","2026-02-24","2026-01","YouTube (ContentID)","T. Work/The Workman Experience","Lone Star Rally HARD RIDERS MC — FRIDAY NIGHT PARTY copy","QT6G72590260","199939291976","2","100","Song","VN","0.00000","0.000433443592",
"2026-02-24","2026-02-24","2026-01","YouTube (ContentID)","T. Work/The Workman Experience","Lone Star Rally HARD RIDERS MC — FRIDAY NIGHT PARTY copy","QT6G72590260","199939291976","3","100","Song","VE","0.00000","0.000081259005",
"2026-02-24","2026-02-24","2026-01","YouTube (ContentID)","T. Work/The Workman Experience","Lone Star Rally HARD RIDERS MC — FRIDAY NIGHT PARTY copy","QT6G72590260","199939291976","54","100","Song","US","0.00000","0.137355479889",
"2026-02-24","2026-02-24","2026-01","YouTube (ContentID)","T. Work/The Workman Experience","Lone Star Rally HARD RIDERS MC — FRIDAY NIGHT PARTY copy","QT6G72590260","199939291976","0","100","Song","PK","0.00000","0.000065711254",
"2026-02-24","2026-02-24","2026-01","YouTube (ContentID)","T. Work/The Workman Experience","Lone Star Rally HARD RIDERS MC — FRIDAY NIGHT PARTY copy","QT6G72590260","199939291976","0","100","Song","PH","0.00000","0.000181025969",
"2026-02-24","2026-02-24","2026-01","YouTube (ContentID)","T. Work/The Workman Experience","Lone Star Rally HARD RIDERS MC — FRIDAY NIGHT PARTY copy","QT6G72590260","199939291976","17","100","Song","IN","0.00000","0.015075079032",
"2026-02-24","2026-02-24","2026-01","YouTube (ContentID)","T. Work/The Workman Experience","Lone Star Rally HARD RIDERS MC — FRIDAY NIGHT PARTY copy","QT6G72590260","199939291976","4","100","Song","ID","0.00000","0.005887264282",
"2026-02-24","2026-02-24","2026-01","YouTube (ContentID)","T. Work/The Workman Experience","Lone Star Rally HARD RIDERS MC — FRIDAY NIGHT PARTY copy","QT6G72590260","199939291976","1","100","Song","DE","0.00000","0.000458138643",
"2026-02-24","2026-02-24","2026-01","YouTube (ContentID)","T. Work/The Workman Experience","Lone Star Rally HARD RIDERS MC — FRIDAY NIGHT PARTY copy","QT6G72590260","199939291976","85","100","Song","BD","0.00000","0.018406404887",
"2026-02-24","2026-02-24","2026-01","YouTube (ContentID)","T. Work/The Workman Experience","Lone Star Rally HARD RIDERS MC — FRIDAY NIGHT PARTY copy","QT6G72590260","199939291976","1","100","Song","AU","0.00000","0.000077258726",
"2026-02-24","2026-02-24","2026-01","YouTube (ContentID)","T. Work/The Workman Experience","Lone Star Rally HARD RIDERS MC — FRIDAY NIGHT PARTY","QT6G72590259","199939291976","2","100","Song","VN","0.00000","0.000433443592",
"2026-02-24","2026-02-24","2026-01","YouTube (ContentID)","T. Work/The Workman Experience","Lone Star Rally HARD RIDERS MC — FRIDAY NIGHT PARTY","QT6G72590259","199939291976","3","100","Song","VE","0.00000","0.000081259005",
"2026-02-24","2026-02-24","2026-01","YouTube (ContentID)","T. Work/The Workman Experience","Lone Star Rally HARD RIDERS MC — FRIDAY NIGHT PARTY","QT6G72590259","199939291976","54","100","Song","US","0.00000","0.137355479889",
"2026-02-24","2026-02-24","2026-01","YouTube (ContentID)","T. Work/The Workman Experience","Lone Star Rally HARD RIDERS MC — FRIDAY NIGHT PARTY","QT6G72590259","199939291976","0","100","Song","PK","0.00000","0.000065711254",
"2026-02-24","2026-02-24","2026-01","YouTube (ContentID)","T. Work/The Workman Experience","Lone Star Rally HARD RIDERS MC — FRIDAY NIGHT PARTY","QT6G72590259","199939291976","0","100","Song","PH","0.00000","0.000181025969",
"2026-02-24","2026-02-24","2026-01","YouTube (ContentID)","T. Work/The Workman Experience","Lone Star Rally HARD RIDERS MC — FRIDAY NIGHT PARTY","QT6G72590259","199939291976","17","100","Song","IN","0.00000","0.015075079032",
"2026-02-24","2026-02-24","2026-01","YouTube (ContentID)","T. Work/The Workman Experience","Lone Star Rally HARD RIDERS MC — FRIDAY NIGHT PARTY","QT6G72590259","199939291976","4","100","Song","ID","0.00000","0.005887264282",
"2026-02-24","2026-02-24","2026-01","YouTube (ContentID)","T. Work/The Workman Experience","Lone Star Rally HARD RIDERS MC — FRIDAY NIGHT PARTY","QT6G72590259","199939291976","1","100","Song","DE","0.00000","0.000458138643",
"2026-02-24","2026-02-24","2026-01","YouTube (ContentID)","T. Work/The Workman Experience","Lone Star Rally HARD RIDERS MC — FRIDAY NIGHT PARTY","QT6G72590259","199939291976","85","100","Song","BD","0.00000","0.018406404887",
"2026-02-24","2026-02-24","2026-01","YouTube (ContentID)","T. Work/The Workman Experience","Lone Star Rally HARD RIDERS MC — FRIDAY NIGHT PARTY","QT6G72590259","199939291976","1","100","Song","AU","0.00000","0.000077258726",
"2026-02-24","2026-02-24","2026-01","YouTube (ContentID)","T. Work/The Workman Experience","Lone Star Rally LONE STAR NIGHT RIDING","QT6G72590258","199939291976","2","100","Song","VN","0.00000","0.000433443592",
"2026-02-24","2026-02-24","2026-01","YouTube (ContentID)","T. Work/The Workman Experience","Lone Star Rally LONE STAR NIGHT RIDING","QT6G72590258","199939291976","3","100","Song","VE","0.00000","0.000081259005",
"2026-02-24","2026-02-24","2026-01","YouTube (ContentID)","T. Work/The Workman Experience","Lone Star Rally LONE STAR NIGHT RIDING","QT6G72590258","199939291976","54","100","Song","US","0.00000","0.137355479889",
"2026-02-24","2026-02-24","2026-01","YouTube (ContentID)","T. Work/The Workman Experience","Lone Star Rally LONE STAR NIGHT RIDING","QT6G72590258","199939291976","0","100","Song","PK","0.00000","0.000065711254",
"2026-02-24","2026-02-24","2026-01","YouTube (ContentID)","T. Work/The Workman Experience","Lone Star Rally LONE STAR NIGHT RIDING","QT6G72590258","199939291976","0","100","Song","PH","0.00000","0.000181025969",
"2026-02-24","2026-02-24","2026-01","YouTube (ContentID)","T. Work/The Workman Experience","Lone Star Rally LONE STAR NIGHT RIDING","QT6G72590258","199939291976","17","100","Song","IN","0.00000","0.015075079032",
"2026-02-24","2026-02-24","2026-01","YouTube (ContentID)","T. Work/The Workman Experience","Lone Star Rally LONE STAR NIGHT RIDING","QT6G72590258","199939291976","4","100","Song","ID","0.00000","0.005887264282",
"2026-02-24","2026-02-24","2026-01","YouTube (ContentID)","T. Work/The Workman Experience","Lone Star Rally LONE STAR NIGHT RIDING","QT6G72590258","199939291976","1","100","Song","DE","0.00000","0.000458138643",
"2026-02-24","2026-02-24","2026-01","YouTube (ContentID)","T. Work/The Workman Experience","Lone Star Rally LONE STAR NIGHT RIDING","QT6G72590258","199939291976","85","100","Song","BD","0.00000","0.018406404887",
"2026-02-24","2026-02-24","2026-01","YouTube (ContentID)","T. Work/The Workman Experience","Lone Star Rally LONE STAR NIGHT RIDING","QT6G72590258","199939291976","1","100","Song","AU","0.00000","0.000077258726",
"2026-02-24","2026-02-24","2026-01","YouTube (ContentID)","T. Work/The Workman Experience","Lone Star Rally THE STRAND (NIGHT) + FRIDAY RIDE","QT6G72590257","199939291976","2","100","Song","VN","0.00000","0.000433443592",
"2026-02-24","2026-02-24","2026-01","YouTube (ContentID)","T. Work/The Workman Experience","Lone Star Rally THE STRAND (NIGHT) + FRIDAY RIDE","QT6G72590257","199939291976","3","100","Song","VE","0.00000","0.000081259005",
"2026-02-24","2026-02-24","2026-01","YouTube (ContentID)","T. Work/The Workman Experience","Lone Star Rally THE STRAND (NIGHT) + FRIDAY RIDE","QT6G72590257","199939291976","54","100","Song","US","0.00000","0.137355479889",
"2026-02-24","2026-02-24","2026-01","YouTube (ContentID)","T. Work/The Workman Experience","Lone Star Rally THE STRAND (NIGHT) + FRIDAY RIDE","QT6G72590257","199939291976","0","100","Song","PK","0.00000","0.000065711254",
"2026-02-24","2026-02-24","2026-01","YouTube (ContentID)","T. Work/The Workman Experience","Lone Star Rally THE STRAND (NIGHT) + FRIDAY RIDE","QT6G72590257","199939291976","0","100","Song","PH","0.00000","0.000181025969",
"2026-02-24","2026-02-24","2026-01","YouTube (ContentID)","T. Work/The Workman Experience","Lone Star Rally THE STRAND (NIGHT) + FRIDAY RIDE","QT6G72590257","199939291976","17","100","Song","IN","0.00000","0.015075079032",
"2026-02-24","2026-02-24","2026-01","YouTube (ContentID)","T. Work/The Workman Experience","Lone Star Rally THE STRAND (NIGHT) + FRIDAY RIDE","QT6G72590257","199939291976","4","100","Song","ID","0.00000","0.005887264282",
"2026-02-24","2026-02-24","2026-01","YouTube (ContentID)","T. Work/The Workman Experience","Lone Star Rally THE STRAND (NIGHT) + FRIDAY RIDE","QT6G72590257","199939291976","1","100","Song","DE","0.00000","0.000458138643",
"2026-02-24","2026-02-24","2026-01","YouTube (ContentID)","T. Work/The Workman Experience","Lone Star Rally THE STRAND (NIGHT) + FRIDAY RIDE","QT6G72590257","199939291976","85","100","Song","BD","0.00000","0.018406404887",
"2026-02-24","2026-02-24","2026-01","YouTube (ContentID)","T. Work/The Workman Experience","Lone Star Rally THE STRAND (NIGHT) + FRIDAY RIDE","QT6G72590257","199939291976","1","100","Song","AU","0.00000","0.000077258726",
"2026-02-24","2026-02-24","2026-01","YouTube (ContentID)","T. Work/The Workman Experience","Lone Star Rally THE SET MEET UP (7 DAYS CITGO) v6","QT6G72590256","199939291976","2","100","Song","VN","0.00000","0.000433443592",
"2026-02-24","2026-02-24","2026-01","YouTube (ContentID)","T. Work/The Workman Experience","Lone Star Rally THE SET MEET UP (7 DAYS CITGO) v6","QT6G72590256","199939291976","3","100","Song","VE","0.00000","0.000081259005",
"2026-02-24","2026-02-24","2026-01","YouTube (ContentID)","T. Work/The Workman Experience","Lone Star Rally THE SET MEET UP (7 DAYS CITGO) v6","QT6G72590256","199939291976","54","100","Song","US","0.00000","0.137355479889",
"2026-02-24","2026-02-24","2026-01","YouTube (ContentID)","T. Work/The Workman Experience","Lone Star Rally THE SET MEET UP (7 DAYS CITGO) v6","QT6G72590256","199939291976","0","100","Song","PK","0.00000","0.000065711254",
"2026-02-24","2026-02-24","2026-01","YouTube (ContentID)","T. Work/The Workman Experience","Lone Star Rally THE SET MEET UP (7 DAYS CITGO) v6","QT6G72590256","199939291976","0","100","Song","PH","0.00000","0.000181025969",
"2026-02-24","2026-02-24","2026-01","YouTube (ContentID)","T. Work/The Workman Experience","Lone Star Rally THE SET MEET UP (7 DAYS CITGO) v6","QT6G72590256","199939291976","17","100","Song","IN","0.00000","0.015075079032",
"2026-02-24","2026-02-24","2026-01","YouTube (ContentID)","T. Work/The Workman Experience","Lone Star Rally THE SET MEET UP (7 DAYS CITGO) v6","QT6G72590256","199939291976","4","100","Song","ID","0.00000","0.005887264282",
"2026-02-24","2026-02-24","2026-01","YouTube (ContentID)","T. Work/The Workman Experience","Lone Star Rally THE SET MEET UP (7 DAYS CITGO) v6","QT6G72590256","199939291976","1","100","Song","DE","0.00000","0.000458138643",
"2026-02-24","2026-02-24","2026-01","YouTube (ContentID)","T. Work/The Workman Experience","Lone Star Rally THE SET MEET UP (7 DAYS CITGO) v6","QT6G72590256","199939291976","85","100","Song","BD","0.00000","0.018406404887",
"2026-02-24","2026-02-24","2026-01","YouTube (ContentID)","T. Work/The Workman Experience","Lone Star Rally THE SET MEET UP (7 DAYS CITGO) v6","QT6G72590256","199939291976","1","100","Song","AU","0.00000","0.000077258726",
"2026-02-24","2026-02-24","2026-01","YouTube (ContentID)","T. Work/The Workman Experience","Lone Star Rally THE SET -MEET UP at 7 DAYS CITGO v3","QT6G72590255","199939291976","2","100","Song","VN","0.00000","0.000433443592",
"2026-02-24","2026-02-24","2026-01","YouTube (ContentID)","T. Work/The Workman Experience","Lone Star Rally THE SET -MEET UP at 7 DAYS CITGO v3","QT6G72590255","199939291976","3","100","Song","VE","0.00000","0.000081259005",
"2026-02-24","2026-02-24","2026-01","YouTube (ContentID)","T. Work/The Workman Experience","Lone Star Rally THE SET -MEET UP at 7 DAYS CITGO v3","QT6G72590255","199939291976","54","100","Song","US","0.00000","0.137355479889",
"2026-02-24","2026-02-24","2026-01","YouTube (ContentID)","T. Work/The Workman Experience","Lone Star Rally THE SET -MEET UP at 7 DAYS CITGO v3","QT6G72590255","199939291976","0","100","Song","PK","0.00000","0.000065711254",
"2026-02-24","2026-02-24","2026-01","YouTube (ContentID)","T. Work/The Workman Experience","Lone Star Rally THE SET -MEET UP at 7 DAYS CITGO v3","QT6G72590255","199939291976","0","100","Song","PH","0.00000","0.000181025969",
"2026-02-24","2026-02-24","2026-01","YouTube (ContentID)","T. Work/The Workman Experience","Lone Star Rally THE SET -MEET UP at 7 DAYS CITGO v3","QT6G72590255","199939291976","17","100","Song","IN","0.00000","0.015075079032",
"2026-02-24","2026-02-24","2026-01","YouTube (ContentID)","T. Work/The Workman Experience","Lone Star Rally THE SET -MEET UP at 7 DAYS CITGO v3","QT6G72590255","199939291976","4","100","Song","ID","0.00000","0.005887264282",
"2026-02-24","2026-02-24","2026-01","YouTube (ContentID)","T. Work/The Workman Experience","Lone Star Rally THE SET -MEET UP at 7 DAYS CITGO v3","QT6G72590255","199939291976","1","100","Song","DE","0.00000","0.000458138643",
"2026-02-24","2026-02-24","2026-01","YouTube (ContentID)","T. Work/The Workman Experience","Lone Star Rally THE SET -MEET UP at 7 DAYS CITGO v3","QT6G72590255","199939291976","85","100","Song","BD","0.00000","0.018406404887",
"2026-02-24","2026-02-24","2026-01","YouTube (ContentID)","T. Work/The Workman Experience","Lone Star Rally THE SET -MEET UP at 7 DAYS CITGO v3","QT6G72590255","199939291976","1","100","Song","AU","0.00000","0.000077258726",
"2026-02-24","2026-02-24","2026-01","YouTube (ContentID)","T. Work/The Workman Experience","Lone Star Rally PIER 21 v1","QT6G72590254","199939291976","2","100","Song","VN","0.00000","0.000433443592",
"2026-02-24","2026-02-24","2026-01","YouTube (ContentID)","T. Work/The Workman Experience","Lone Star Rally PIER 21 v1","QT6G72590254","199939291976","3","100","Song","VE","0.00000","0.000081259005",
"2026-02-24","2026-02-24","2026-01","YouTube (ContentID)","T. Work/The Workman Experience","Lone Star Rally PIER 21 v1","QT6G72590254","199939291976","54","100","Song","US","0.00000","0.137355479889",
"2026-02-24","2026-02-24","2026-01","YouTube (ContentID)","T. Work/The Workman Experience","Lone Star Rally PIER 21 v1","QT6G72590254","199939291976","0","100","Song","PK","0.00000","0.000065711254",
"2026-02-24","2026-02-24","2026-01","YouTube (ContentID)","T. Work/The Workman Experience","Lone Star Rally PIER 21 v1","QT6G72590254","199939291976","0","100","Song","PH","0.00000","0.000181025969",
"2026-02-24","2026-02-24","2026-01","YouTube (ContentID)","T. Work/The Workman Experience","Lone Star Rally PIER 21 v1","QT6G72590254","199939291976","17","100","Song","IN","0.00000","0.015075079032",
"2026-02-24","2026-02-24","2026-01","YouTube (ContentID)","T. Work/The Workman Experience","Lone Star Rally PIER 21 v1","QT6G72590254","199939291976","4","100","Song","ID","0.00000","0.005887264282",
"2026-02-24","2026-02-24","2026-01","YouTube (ContentID)","T. Work/The Workman Experience","Lone Star Rally PIER 21 v1","QT6G72590254","199939291976","1","100","Song","DE","0.00000","0.000458138643",
"2026-02-24","2026-02-24","2026-01","YouTube (ContentID)","T. Work/The Workman Experience","Lone Star Rally PIER 21 v1","QT6G72590254","199939291976","85","100","Song","BD","0.00000","0.018406404887",
"2026-02-24","2026-02-24","2026-01","YouTube (ContentID)","T. Work/The Workman Experience","Lone Star Rally PIER 21 v1","QT6G72590254","199939291976","1","100","Song","AU","0.00000","0.000077258726",
"2026-02-24","2026-02-24","2026-01","YouTube (ContentID)","T. Work/The Workman Experience","Lone Star Rally PIER 21 v2","QT6G72590253","199939291976","2","100","Song","VN","0.00000","0.000433443592",
"2026-02-24","2026-02-24","2026-01","YouTube (ContentID)","T. Work/The Workman Experience","Lone Star Rally PIER 21 v2","QT6G72590253","199939291976","3","100","Song","VE","0.00000","0.000081259005",
"2026-02-24","2026-02-24","2026-01","YouTube (ContentID)","T. Work/The Workman Experience","Lone Star Rally PIER 21 v2","QT6G72590253","199939291976","54","100","Song","US","0.00000","0.137355479889",
"2026-02-24","2026-02-24","2026-01","YouTube (ContentID)","T. Work/The Workman Experience","Lone Star Rally PIER 21 v2","QT6G72590253","199939291976","0","100","Song","PK","0.00000","0.000065711254",
"2026-02-24","2026-02-24","2026-01","YouTube (ContentID)","T. Work/The Workman Experience","Lone Star Rally PIER 21 v2","QT6G72590253","199939291976","0","100","Song","PH","0.00000","0.000181025969",
"2026-02-24","2026-02-24","2026-01","YouTube (ContentID)","T. Work/The Workman Experience","Lone Star Rally PIER 21 v2","QT6G72590253","199939291976","17","100","Song","IN","0.00000","0.015075079032",
"2026-02-24","2026-02-24","2026-01","YouTube (ContentID)","T. Work/The Workman Experience","Lone Star Rally PIER 21 v2","QT6G72590253","199939291976","4","100","Song","ID","0.00000","0.005887264282",
"2026-02-24","2026-02-24","2026-01","YouTube (ContentID)","T. Work/The Workman Experience","Lone Star Rally PIER 21 v2","QT6G72590253","199939291976","1","100","Song","DE","0.00000","0.000458138643",
"2026-02-24","2026-02-24","2026-01","YouTube (ContentID)","T. Work/The Workman Experience","Lone Star Rally PIER 21 v2","QT6G72590253","199939291976","85","100","Song","BD","0.00000","0.018406404887",
"2026-02-24","2026-02-24","2026-01","YouTube (ContentID)","T. Work/The Workman Experience","Lone Star Rally PIER 21 v2","QT6G72590253","199939291976","1","100","Song","AU","0.00000","0.000077258726",
"2026-02-24","2026-02-24","2026-01","YouTube (ContentID)","T. Work/The Workman Experience","Lone Star Rally SEAWALL BLVD v2","QT6G72590252","199939291976","2","100","Song","VN","0.00000","0.000433443592",
"2026-02-24","2026-02-24","2026-01","YouTube (ContentID)","T. Work/The Workman Experience","Lone Star Rally SEAWALL BLVD v2","QT6G72590252","199939291976","3","100","Song","VE","0.00000","0.000081259005",
"2026-02-24","2026-02-24","2026-01","YouTube (ContentID)","T. Work/The Workman Experience","Lone Star Rally SEAWALL BLVD v2","QT6G72590252","199939291976","54","100","Song","US","0.00000","0.137355479889",
"2026-02-24","2026-02-24","2026-01","YouTube (ContentID)","T. Work/The Workman Experience","Lone Star Rally SEAWALL BLVD v2","QT6G72590252","199939291976","0","100","Song","PK","0.00000","0.000065711254",
"2026-02-24","2026-02-24","2026-01","YouTube (ContentID)","T. Work/The Workman Experience","Lone Star Rally SEAWALL BLVD v2","QT6G72590252","199939291976","0","100","Song","PH","0.00000","0.000181025969",
"2026-02-24","2026-02-24","2026-01","YouTube (ContentID)","T. Work/The Workman Experience","Lone Star Rally SEAWALL BLVD v2","QT6G72590252","199939291976","17","100","Song","IN","0.00000","0.015075079032",
"2026-02-24","2026-02-24","2026-01","YouTube (ContentID)","T. Work/The Workman Experience","Lone Star Rally SEAWALL BLVD v2","QT6G72590252","199939291976","4","100","Song","ID","0.00000","0.005887264282",
"2026-02-24","2026-02-24","2026-01","YouTube (ContentID)","T. Work/The Workman Experience","Lone Star Rally SEAWALL BLVD v2","QT6G72590252","199939291976","1","100","Song","DE","0.00000","0.000458138643",
"2026-02-24","2026-02-24","2026-01","YouTube (ContentID)","T. Work/The Workman Experience","Lone Star Rally SEAWALL BLVD v2","QT6G72590252","199939291976","85","100","Song","BD","0.00000","0.018406404887",
"2026-02-24","2026-02-24","2026-01","YouTube (ContentID)","T. Work/The Workman Experience","Lone Star Rally SEAWALL BLVD v2","QT6G72590252","199939291976","1","100","Song","AU","0.00000","0.000077258726",
"2026-02-24","2026-02-24","2026-01","YouTube (ContentID)","T. Work/The Workman Experience","Lone Star Rally Day 2 Headley Park Country v1","QT6G72590251","199939291976","2","100","Song","VN","0.00000","0.000433443592",
"2026-02-24","2026-02-24","2026-01","YouTube (ContentID)","T. Work/The Workman Experience","Lone Star Rally Day 2 Headley Park Country v1","QT6G72590251","199939291976","3","100","Song","VE","0.00000","0.000081259005",
"2026-02-24","2026-02-24","2026-01","YouTube (ContentID)","T. Work/The Workman Experience","Lone Star Rally Day 2 Headley Park Country v1","QT6G72590251","199939291976","54","100","Song","US","0.00000","0.137355479889",
"2026-02-24","2026-02-24","2026-01","YouTube (ContentID)","T. Work/The Workman Experience","Lone Star Rally Day 2 Headley Park Country v1","QT6G72590251","199939291976","0","100","Song","PK","0.00000","0.000065711254",
"2026-02-24","2026-02-24","2026-01","YouTube (ContentID)","T. Work/The Workman Experience","Lone Star Rally Day 2 Headley Park Country v1","QT6G72590251","199939291976","0","100","Song","PH","0.00000","0.000181025969",
"2026-02-24","2026-02-24","2026-01","YouTube (ContentID)","T. Work/The Workman Experience","Lone Star Rally Day 2 Headley Park Country v1","QT6G72590251","199939291976","17","100","Song","IN","0.00000","0.015075079032",
"2026-02-24","2026-02-24","2026-01","YouTube (ContentID)","T. Work/The Workman Experience","Lone Star Rally Day 2 Headley Park Country v1","QT6G72590251","199939291976","4","100","Song","ID","0.00000","0.005887264282",
"2026-02-24","2026-02-24","2026-01","YouTube (ContentID)","T. Work/The Workman Experience","Lone Star Rally Day 2 Headley Park Country v1","QT6G72590251","199939291976","1","100","Song","DE","0.00000","0.000458138643",
"2026-02-24","2026-02-24","2026-01","YouTube (ContentID)","T. Work/The Workman Experience","Lone Star Rally Day 2 Headley Park Country v1","QT6G72590251","199939291976","85","100","Song","BD","0.00000","0.018406404887",
"2026-02-24","2026-02-24","2026-01","YouTube (ContentID)","T. Work/The Workman Experience","Lone Star Rally Day 2 Headley Park Country v1","QT6G72590251","199939291976","1","100","Song","AU","0.00000","0.000077258726",
"2026-02-24","2026-02-24","2026-01","YouTube (ContentID)","T. Work/The Workman Experience","LONE STAR RALLY DAY 1 Hip Hop Indie","QT6FY2597922","199942850061","40","100","Song","US","0.00000","0.045772794634",
"2026-02-24","2026-02-24","2026-01","YouTube (ContentID)","T. Work/The Workman Experience","LONE STAR RALLY DAY 1 Hip Hop Indie","QT6FY2597922","199942850061","1","100","Song","TW","0.00000","0.000188173133",
"2026-02-24","2026-02-24","2026-01","YouTube (ContentID)","T. Work/The Workman Experience","LONE STAR RALLY DAY 1 Hip Hop Indie","QT6FY2597922","199942850061","0","100","Song","PK","0.00000","0.000020961462",
"2026-02-24","2026-02-24","2026-01","YouTube (ContentID)","T. Work/The Workman Experience","LONE STAR RALLY DAY 1 Hip Hop Indie","QT6FY2597922","199942850061","0","100","Song","IT","0.00000","0.000705329227",
"2026-02-24","2026-02-24","2026-01","YouTube (ContentID)","T. Work/The Workman Experience","LONE STAR RALLY DAY 1 Hip Hop Indie","QT6FY2597922","199942850061","3","100","Song","IN","0.00000","0.000670206775",
"2026-02-24","2026-02-24","2026-01","YouTube (ContentID)","T. Work/The Workman Experience","LONE STAR RALLY DAY 1 Hip Hop Indie","QT6FY2597922","199942850061","1","100","Song","ID","0.00000","0.000106407426",
"2026-02-24","2026-02-24","2026-01","YouTube (ContentID)","T. Work/The Workman Experience","LONE STAR RALLY DAY 1 Hip Hop Indie","QT6FY2597922","199942850061","1","100","Song","GB","0.00000","0.000747092142",
"2026-02-24","2026-02-24","2026-01","YouTube (ContentID)","T. Work/The Workman Experience","LONE STAR RALLY DAY 1 Hip Hop Indie","QT6FY2597922","199942850061","8","100","Song","BD","0.00000","0.000537717529",
"2026-02-24","2026-02-24","2026-01","YouTube (ContentID)","T. Work/The Workman Experience","Lone Star Rally INTRO HYPE COUNTRY","QT6FY2597921","199942850061","40","100","Song","US","0.00000","0.045772794634",
"2026-02-24","2026-02-24","2026-01","YouTube (ContentID)","T. Work/The Workman Experience","Lone Star Rally INTRO HYPE COUNTRY","QT6FY2597921","199942850061","1","100","Song","TW","0.00000","0.000188173133",
"2026-02-24","2026-02-24","2026-01","YouTube (ContentID)","T. Work/The Workman Experience","Lone Star Rally INTRO HYPE COUNTRY","QT6FY2597921","199942850061","0","100","Song","PK","0.00000","0.000020961462",
"2026-02-24","2026-02-24","2026-01","YouTube (ContentID)","T. Work/The Workman Experience","Lone Star Rally INTRO HYPE COUNTRY","QT6FY2597921","199942850061","0","100","Song","IT","0.00000","0.000705329227",
"2026-02-24","2026-02-24","2026-01","YouTube (ContentID)","T. Work/The Workman Experience","Lone Star Rally INTRO HYPE COUNTRY","QT6FY2597921","199942850061","3","100","Song","IN","0.00000","0.000670206775",
"2026-02-24","2026-02-24","2026-01","YouTube (ContentID)","T. Work/The Workman Experience","Lone Star Rally INTRO HYPE COUNTRY","QT6FY2597921","199942850061","1","100","Song","ID","0.00000","0.000106407426",
"2026-02-24","2026-02-24","2026-01","YouTube (ContentID)","T. Work/The Workman Experience","Lone Star Rally INTRO HYPE COUNTRY","QT6FY2597921","199942850061","1","100","Song","GB","0.00000","0.000747092142",
"2026-02-24","2026-02-24","2026-01","YouTube (ContentID)","T. Work/The Workman Experience","Lone Star Rally INTRO HYPE COUNTRY","QT6FY2597921","199942850061","8","100","Song","BD","0.00000","0.000537717529",
"2026-02-24","2026-02-24","2026-01","YouTube (ContentID)","T. Work/The Workman Experience","Lone Star Rally Country Anthem (Travel Anthem with Southern Rally Energy)","QT6FY2597920","199942850061","40","100","Song","US","0.00000","0.045772794634",
"2026-02-24","2026-02-24","2026-01","YouTube (ContentID)","T. Work/The Workman Experience","Lone Star Rally Country Anthem (Travel Anthem with Southern Rally Energy)","QT6FY2597920","199942850061","1","100","Song","TW","0.00000","0.000188173133",
"2026-02-24","2026-02-24","2026-01","YouTube (ContentID)","T. Work/The Workman Experience","Lone Star Rally Country Anthem (Travel Anthem with Southern Rally Energy)","QT6FY2597920","199942850061","0","100","Song","PK","0.00000","0.000020961462",
"2026-02-24","2026-02-24","2026-01","YouTube (ContentID)","T. Work/The Workman Experience","Lone Star Rally Country Anthem (Travel Anthem with Southern Rally Energy)","QT6FY2597920","199942850061","0","100","Song","IT","0.00000","0.000705329227",
"2026-02-24","2026-02-24","2026-01","YouTube (ContentID)","T. Work/The Workman Experience","Lone Star Rally Country Anthem (Travel Anthem with Southern Rally Energy)","QT6FY2597920","199942850061","3","100","Song","IN","0.00000","0.000670206775",
"2026-02-24","2026-02-24","2026-01","YouTube (ContentID)","T. Work/The Workman Experience","Lone Star Rally Country Anthem (Travel Anthem with Southern Rally Energy)","QT6FY2597920","199942850061","1","100","Song","ID","0.00000","0.000106407426",
"2026-02-24","2026-02-24","2026-01","YouTube (ContentID)","T. Work/The Workman Experience","Lone Star Rally Country Anthem (Travel Anthem with Southern Rally Energy)","QT6FY2597920","199942850061","1","100","Song","GB","0.00000","0.000747092142",
"2026-02-24","2026-02-24","2026-01","YouTube (ContentID)","T. Work/The Workman Experience","Lone Star Rally Country Anthem (Travel Anthem with Southern Rally Energy)","QT6FY2597920","199942850061","8","100","Song","BD","0.00000","0.000537717529",
"2026-02-24","2026-02-24","2026-01","YouTube (ContentID)","T. Work/The Workman Experience","24 Hours In The Zone Anthem Trap v4","QT6FK2548235","199944510901","29","100","Song","US","0.00000","0.033999572942",
"2026-02-24","2026-02-24","2026-01","YouTube (ContentID)","T. Work/The Workman Experience","24 Hours In The Zone Anthem Trap v4","QT6FK2548235","199944510901","8","100","Song","US","0.00000","0.009149705257",
"2026-02-24","2026-02-24","2026-01","YouTube (ContentID)","T. Work/The Workman Experience","24 Hours In The Zone Anthem Trap v4","QT6FK2548235","199944510901","3","100","Song","NP","0.00000","0.000162011307",
"2026-02-24","2026-02-24","2026-01","YouTube (ContentID)","T. Work/The Workman Experience","24 Hours In The Zone Anthem Trap v4","QT6FK2548235","199944510901","0","100","Song","MX","0.00000","0.008004158636",
"2026-02-24","2026-02-24","2026-01","YouTube (ContentID)","T. Work/The Workman Experience","24 Hours In The Zone Anthem Trap v4","QT6FK2548235","199944510901","29","100","Song","IN","0.00000","0.005041551866",
"2026-02-24","2026-02-24","2026-01","YouTube (ContentID)","T. Work/The Workman Experience","24 Hours In The Zone Anthem Trap v4","QT6FK2548235","199944510901","2","100","Song","IN","0.00000","0.000130142417",
"2026-02-24","2026-02-24","2026-01","YouTube (ContentID)","T. Work/The Workman Experience","24 Hours In The Zone Anthem Trap v4","QT6FK2548235","199944510901","1","100","Song","ID","0.00000","0.000165211530",
"2026-02-24","2026-02-24","2026-01","YouTube (ContentID)","T. Work/The Workman Experience","24 Hours In The Zone Anthem Trap v4","QT6FK2548235","199944510901","1","100","Song","ID","0.00000","0.000042302952",
"2026-02-24","2026-02-24","2026-01","YouTube (ContentID)","T. Work/The Workman Experience","24 Hours In The Zone Anthem Trap v4","QT6FK2548235","199944510901","1","100","Song","GB","0.00000","0.002899402358",
"2026-02-24","2026-02-24","2026-01","YouTube (ContentID)","T. Work/The Workman Experience","24 Hours In The Zone Anthem Trap v4","QT6FK2548235","199944510901","48","100","Song","BD","0.00000","0.008570198142",
"2026-02-24","2026-02-24","2026-01","YouTube (ContentID)","T. Work/The Workman Experience","24 Hours In The Zone Anthem Trap v4","QT6FK2548235","199944510901","3","100","Song","BD","0.00000","0.000266285252",
"2026-02-24","2026-02-24","2026-01","YouTube (ContentID)","T. Work/The Workman Experience","24 Hours In The Zone 2015 Late Trap v3","QT6FK2548234","199944510901","8","100","Song","US","0.00000","0.009149705257",
"2026-02-24","2026-02-24","2026-01","YouTube (ContentID)","T. Work/The Workman Experience","24 Hours In The Zone 2015 Late Trap v3","QT6FK2548234","199944510901","2","100","Song","IN","0.00000","0.000130142417",
"2026-02-24","2026-02-24","2026-01","YouTube (ContentID)","T. Work/The Workman Experience","24 Hours In The Zone 2015 Late Trap v3","QT6FK2548234","199944510901","1","100","Song","ID","0.00000","0.000042302952",
"2026-02-24","2026-02-24","2026-01","YouTube (ContentID)","T. Work/The Workman Experience","24 Hours In The Zone 2015 Late Trap v3","QT6FK2548234","199944510901","3","100","Song","BD","0.00000","0.000266285252",
"2026-02-24","2026-02-24","2026-01","YouTube (ContentID)","T. Work/The Workman Experience","24 Hours In The Zone Early Classic Trap v2","QT6FK2548233","199944510901","8","100","Song","US","0.00000","0.009149705257",
"2026-02-24","2026-02-24","2026-01","YouTube (ContentID)","T. Work/The Workman Experience","24 Hours In The Zone Early Classic Trap v2","QT6FK2548233","199944510901","2","100","Song","IN","0.00000","0.000130142417",
"2026-02-24","2026-02-24","2026-01","YouTube (ContentID)","T. Work/The Workman Experience","24 Hours In The Zone Early Classic Trap v2","QT6FK2548233","199944510901","1","100","Song","ID","0.00000","0.000042302952",
"2026-02-24","2026-02-24","2026-01","YouTube (ContentID)","T. Work/The Workman Experience","24 Hours In The Zone Early Classic Trap v2","QT6FK2548233","199944510901","3","100","Song","BD","0.00000","0.000266285252",
"2026-02-24","2026-02-24","2026-01","YouTube (ContentID)","T. Work/The Workman Experience","24 Hours In The Zone v1 (TX Country Rap Version)","QT6FK2550455","199944510925","1","100","Song","ID","0.00000","0.000042302952",
"2026-02-24","2026-02-24","2026-01","YouTube (ContentID)","T. Work/The Workman Experience","Lone Star Rally HARD RIDERS MC — FRIDAY NIGHT PARTY copy 2","QT6G72590261","199939291976","10","100","Song","US","0.00000","0.014164394210",
"2026-02-24","2026-02-24","2026-01","YouTube (ContentID)","T. Work/The Workman Experience","Lone Star Rally HARD RIDERS MC — FRIDAY NIGHT PARTY copy","QT6G72590260","199939291976","10","100","Song","US","0.00000","0.014164394210",
"2026-02-24","2026-02-24","2026-01","YouTube (ContentID)","T. Work/The Workman Experience","Lone Star Rally HARD RIDERS MC — FRIDAY NIGHT PARTY","QT6G72590259","199939291976","10","100","Song","US","0.00000","0.014164394210",
"2026-02-24","2026-02-24","2026-01","YouTube (ContentID)","T. Work/The Workman Experience","Lone Star Rally LONE STAR NIGHT RIDING","QT6G72590258","199939291976","10","100","Song","US","0.00000","0.014164394210",
"2026-02-24","2026-02-24","2026-01","YouTube (ContentID)","T. Work/The Workman Experience","Lone Star Rally THE STRAND (NIGHT) + FRIDAY RIDE","QT6G72590257","199939291976","10","100","Song","US","0.00000","0.014164394210",
"2026-02-24","2026-02-24","2026-01","YouTube (ContentID)","T. Work/The Workman Experience","Lone Star Rally THE SET MEET UP (7 DAYS CITGO) v6","QT6G72590256","199939291976","10","100","Song","US","0.00000","0.014164394210",
"2026-02-24","2026-02-24","2026-01","YouTube (ContentID)","T. Work/The Workman Experience","Lone Star Rally THE SET -MEET UP at 7 DAYS CITGO v3","QT6G72590255","199939291976","10","100","Song","US","0.00000","0.014164394210",
"2026-02-24","2026-02-24","2026-01","YouTube (ContentID)","T. Work/The Workman Experience","Lone Star Rally PIER 21 v1","QT6G72590254","199939291976","10","100","Song","US","0.00000","0.014164394210",
"2026-02-24","2026-02-24","2026-01","YouTube (ContentID)","T. Work/The Workman Experience","Lone Star Rally PIER 21 v2","QT6G72590253","199939291976","10","100","Song","US","0.00000","0.014164394210",
"2026-02-24","2026-02-24","2026-01","YouTube (ContentID)","T. Work/The Workman Experience","Lone Star Rally SEAWALL BLVD v2","QT6G72590252","199939291976","10","100","Song","US","0.00000","0.014164394210",
"2026-02-24","2026-02-24","2026-01","YouTube (ContentID)","T. Work/The Workman Experience","Lone Star Rally Day 2 Headley Park Country v1","QT6G72590251","199939291976","10","100","Song","US","0.00000","0.014164394210",
"2026-02-24","2026-02-24","2026-01","YouTube (ContentID)","T. Work/The Workman Experience","LONE STAR RALLY DAY 1 Hip Hop Indie","QT6FY2597922","199942850061","4","100","Song","US","0.00000","0.004262369320",
"2026-02-24","2026-02-24","2026-01","YouTube (ContentID)","T. Work/The Workman Experience","Lone Star Rally INTRO HYPE COUNTRY","QT6FY2597921","199942850061","4","100","Song","US","0.00000","0.004262369320",
"2026-02-24","2026-02-24","2026-01","YouTube (ContentID)","T. Work/The Workman Experience","Lone Star Rally Country Anthem (Travel Anthem with Southern Rally Energy)","QT6FY2597920","199942850061","4","100","Song","US","0.00000","0.004262369320",
"2026-02-24","2026-02-24","2026-01","YouTube (ContentID)","T. Work/The Workman Experience","24 Hours In The Zone Anthem Trap v4","QT6FK2548235","199944510901","2","100","Song","US","0.00000","0.006393553969",
"2026-02-24","2026-02-24","2026-01","YouTube (ContentID)","T. Work/The Workman Experience","24 Hours In The Zone Anthem Trap v4","QT6FK2548235","199944510901","1","100","Song","US","0.00000","0.000799194248",
"2026-02-24","2026-02-24","2026-01","YouTube (ContentID)","T. Work/The Workman Experience","24 Hours In The Zone 2015 Late Trap v3","QT6FK2548234","199944510901","1","100","Song","US","0.00000","0.000799194248",
"2026-02-24","2026-02-24","2026-01","YouTube (ContentID)","T. Work/The Workman Experience","24 Hours In The Zone Early Classic Trap v2","QT6FK2548233","199944510901","1","100","Song","US","0.00000","0.000799194248",
"2026-02-24","2026-02-24","2026-01","YouTube (ContentID)","T. Work/The Workman Experience","24 Hours In The Zone v1 (TX Country Rap Version)","QT6FK2550455","199944510925","1","100","Song","US","0.00000","0.000799194248",
"2026-02-24","2026-02-24","2026-01","YouTube (Ads)","T. Work/The Workman Experience","Backstage to the Future (Remastered)","QZDA72602966","821530026762","0","100","Song","US","0.00000","0.003652154895",
"2026-02-24","2026-02-24","2026-01","YouTube (Ads)","T. Work/The Workman Experience","Lone Star Rally Saturday Night HR Party","QZFZ32678230","199934966992","1","100","Song","US","0.00000","0.007958505450",
"2026-02-24","2026-02-24","2026-01","YouTube (Ads)","T. Work/The Workman Experience","Lone Star Rally SATURDAY NIGHT PARTY v1","QZFZ32678229","199934966992","1","100","Song","CA","0.00000","0.003303005527",
"2026-02-24","2026-02-24","2026-01","YouTube (Ads)","T. Work/The Workman Experience","Lone Star Rally SATURDAY NIGHT Closing Out the Night v4","QZFZ32678227","199934966992","1","100","Song","ID","0.00000","0.000140709820",
"2026-02-24","2026-02-24","2026-01","YouTube (Ads)","T. Work/The Workman Experience","Lone Star Rally Closing Out the Night v14","QZFZ32678225","199934966992","1","100","Song","US","0.00000","0.005350648439",
"2026-02-24","2026-02-24","2026-01","YouTube (Ads)","T. Work/The Workman Experience","Lone Star Rally HARD RIDERS MC — FRIDAY NIGHT PARTY","QT6G72590259","199939291976","1","100","Song","US","0.00000","0.007180401143",
"2026-02-24","2026-02-24","2026-01","YouTube (Ads)","T. Work/The Workman Experience","24 Hours In The Zone Anthem Trap v4","QT6FK2548235","199944510901","1","100","Song","CA","0.00000","0.000719825238",
"2026-02-20","2026-02-20","2025-12","Amazon Prime (Streaming)","T. Work/The Workman Experience","Lone Star Rally INTRO HYPE COUNTRY","QT6FY2597921","199942850061","1","100","Song","CA","0.00000","0.003123312417",
"2026-02-20","2026-02-20","2025-12","Amazon Prime (Streaming)","T. Work/The Workman Experience","Lone Star Rally THE SET -MEET UP at 7 DAYS CITGO v3","QT6G72590255","199939291976","1","100","Song","US","0.00000","0.004275127570",
"2026-02-20","2026-02-20","2025-12","Amazon Prime (Streaming)","T. Work/The Workman Experience","Lone Star Rally INTRO HYPE COUNTRY","QT6FY2597921","199942850061","5","100","Song","US","0.00000","0.021375637853",
"2026-02-20","2026-02-20","2025-12","Amazon Prime (Streaming)","T. Work/The Workman Experience","Lone Star Rally INTRO HYPE COUNTRY","QT6FY2597921","199942850061","1","100","Song","DE","0.00000","0.004390642056",
"2026-02-19","2026-02-19","2025-12","TikTok (Social Media Pack)","T. Work/The Workman Experience","24 Hours In The Zone TX Rap v5","QT6FK2548236","199944510901","1","100","Song","UA","0.00000","0.000729779718",
"2026-02-19","2026-02-19","2025-12","TikTok","T. Work/The Workman Experience","Lone Star Rally HARD RIDERS MC — FRIDAY NIGHT PARTY","QT6G72590259","199939291976","1","100","Song","TH","0.00000","0.000912224647",
"2026-02-19","2026-02-19","2025-12","TikTok","T. Work/The Workman Experience","Lone Star Rally THE SET -MEET UP at 7 DAYS CITGO v3","QT6G72590255","199939291976","1","100","Song","SG","0.00000","0.000912224647",
"2026-02-19","2026-02-19","2025-12","TikTok","T. Work/The Workman Experience","LONE STAR RALLY DAY 1 Hip Hop Indie","QT6FY2597922","199942850061","1","100","Song","MX","0.00000","0.000912224647",
"2026-02-19","2026-02-19","2025-12","TikTok","T. Work/The Workman Experience","Lone Star Rally Country Anthem (Travel Anthem with Southern Rally Energy)","QT6FY2597920","199942850061","1","100","Song","GH","0.00000","0.000912224647",
"2026-02-19","2026-02-19","2025-12","TikTok","T. Work/The Workman Experience","24 Hours In The Zone Drill v6","QT6FK2548237","199944510901","1","100","Song","CR","0.00000","0.000912224647",
"2026-02-19","2026-02-19","2025-12","TikTok","T. Work/The Workman Experience","24 Hours In The Zone TX Rap v5","QT6FK2548236","199944510901","1","100","Song","UA","0.00000","0.000912224647",
"2026-02-19","2026-02-19","2025-12","TikTok","T. Work/The Workman Experience","24 Hours In The Zone 2015 Late Trap v3","QT6FK2548234","199944510901","1","100","Song","KZ","0.00000","0.000912224647",
"2026-02-19","2026-02-19","2025-12","TikTok","T. Work/The Workman Experience","24 Hours In The Zone Early Classic Trap v2","QT6FK2548233","199944510901","2","100","Song","US","0.00000","0.001824449197",
"2026-02-06","2026-02-06","2025-12","Tidal","T. Work/The Workman Experience","24 Hours In The Zone Drill v6","QT6FK2548237","199944510901","1","100","Song","US","0.00000","0.012372396544",
"2026-02-06","2026-02-06","2025-12","Tidal","T. Work/The Workman Experience","24 Hours In The Zone Anthem Trap v4","QT6FK2548235","199944510901","9","100","Song","US","0.00000","0.111351568797",
"2026-01-27","2026-01-27","2025-12","YouTube (Red) - Composition","T. Work/The Workman Experience","LONE STAR RALLY DAY 1 Hip Hop Indie","QT6FY2597922","199942850061","13","100","Song","US","0.00000","0.009635979557",
"2026-01-27","2026-01-27","2025-12","YouTube (Red) - Composition","T. Work/The Workman Experience","Lone Star Rally INTRO HYPE COUNTRY","QT6FY2597921","199942850061","13","100","Song","US","0.00000","0.009635979557",
"2026-01-27","2026-01-27","2025-12","YouTube (Red) - Composition","T. Work/The Workman Experience","Lone Star Rally Country Anthem (Travel Anthem with Southern Rally Energy)","QT6FY2597920","199942850061","13","100","Song","US","0.00000","0.009635979557",
"2026-01-27","2026-01-27","2025-12","YouTube (Red) - Composition","T. Work/The Workman Experience","24 Hours In The Zone Anthem Trap v4","QT6FK2548235","199944510901","6","100","Song","US","0.00000","0.004028705454",
"2026-01-27","2026-01-27","2025-12","YouTube (Red) - Composition","T. Work/The Workman Experience","24 Hours In The Zone 2015 Late Trap v3","QT6FK2548234","199944510901","6","100","Song","US","0.00000","0.004028705454",
"2026-01-27","2026-01-27","2025-12","YouTube (Red) - Composition","T. Work/The Workman Experience","24 Hours In The Zone Early Classic Trap v2","QT6FK2548233","199944510901","6","100","Song","US","0.00000","0.004028705454",
"2026-01-27","2026-01-27","2025-12","YouTube (Red) - Composition","T. Work/The Workman Experience","24 Hours In The Zone v1 (TX Country Rap Version)","QT6FK2550455","199944510925","6","100","Song","US","0.00000","0.004028705454",
"2026-01-26","2026-01-26","2025-12","YouTube (Ads)","T. Work/The Workman Experience","LONE STAR RALLY DAY 1 Hip Hop Indie","QT6FY2597922","199942850061","1","100","Song","US","0.00000","0.002478791750",
"2026-01-26","2026-01-26","2025-12","YouTube (Ads)","T. Work/The Workman Experience","Lone Star Rally INTRO HYPE COUNTRY","QT6FY2597921","199942850061","1","100","Song","CA","0.00000","0.006191202531",
"2026-01-26","2026-01-26","2025-12","YouTube (Ads)","T. Work/The Workman Experience","24 Hours In The Zone Anthem Trap v4","QT6FK2548235","199944510901","1","100","Song","US","0.00000","0.004247556711",
"2026-01-26","2026-01-26","2025-12","YouTube (ContentID)","T. Work/The Workman Experience","Lone Star Rally HARD RIDERS MC — FRIDAY NIGHT PARTY copy 2","QT6G72590261","199939291976","0","100","Song","VN","0.00000","0.000637243546",
"2026-01-26","2026-01-26","2025-12","YouTube (ContentID)","T. Work/The Workman Experience","Lone Star Rally HARD RIDERS MC — FRIDAY NIGHT PARTY copy 2","QT6G72590261","199939291976","8","100","Song","US","0.00000","0.018318651171",
"2026-01-26","2026-01-26","2025-12","YouTube (ContentID)","T. Work/The Workman Experience","Lone Star Rally HARD RIDERS MC — FRIDAY NIGHT PARTY copy 2","QT6G72590261","199939291976","2","100","Song","PK","0.00000","0.000034624393",
"2026-01-26","2026-01-26","2025-12","YouTube (ContentID)","T. Work/The Workman Experience","Lone Star Rally HARD RIDERS MC — FRIDAY NIGHT PARTY copy 2","QT6G72590261","199939291976","0","100","Song","PH","0.00000","0.000951317201",
"2026-01-26","2026-01-26","2025-12","YouTube (ContentID)","T. Work/The Workman Experience","Lone Star Rally HARD RIDERS MC — FRIDAY NIGHT PARTY copy 2","QT6G72590261","199939291976","0","100","Song","IN","0.00000","0.013417965996",
"2026-01-26","2026-01-26","2025-12","YouTube (ContentID)","T. Work/The Workman Experience","Lone Star Rally HARD RIDERS MC — FRIDAY NIGHT PARTY copy 2","QT6G72590261","199939291976","1","100","Song","ID","0.00000","0.005914102393",
"2026-01-26","2026-01-26","2025-12","YouTube (ContentID)","T. Work/The Workman Experience","Lone Star Rally HARD RIDERS MC — FRIDAY NIGHT PARTY copy 2","QT6G72590261","199939291976","6","100","Song","BD","0.00000","0.006412741695",
"2026-01-26","2026-01-26","2025-12","YouTube (ContentID)","T. Work/The Workman Experience","Lone Star Rally HARD RIDERS MC — FRIDAY NIGHT PARTY copy","QT6G72590260","199939291976","0","100","Song","VN","0.00000","0.000637243546",
"2026-01-26","2026-01-26","2025-12","YouTube (ContentID)","T. Work/The Workman Experience","Lone Star Rally HARD RIDERS MC — FRIDAY NIGHT PARTY copy","QT6G72590260","199939291976","8","100","Song","US","0.00000","0.018318651171",
"2026-01-26","2026-01-26","2025-12","YouTube (ContentID)","T. Work/The Workman Experience","Lone Star Rally HARD RIDERS MC — FRIDAY NIGHT PARTY copy","QT6G72590260","199939291976","2","100","Song","PK","0.00000","0.000034624393",
"2026-01-26","2026-01-26","2025-12","YouTube (ContentID)","T. Work/The Workman Experience","Lone Star Rally HARD RIDERS MC — FRIDAY NIGHT PARTY copy","QT6G72590260","199939291976","0","100","Song","PH","0.00000","0.000951317201",
"2026-01-26","2026-01-26","2025-12","YouTube (ContentID)","T. Work/The Workman Experience","Lone Star Rally HARD RIDERS MC — FRIDAY NIGHT PARTY copy","QT6G72590260","199939291976","0","100","Song","IN","0.00000","0.013417965996",
"2026-01-26","2026-01-26","2025-12","YouTube (ContentID)","T. Work/The Workman Experience","Lone Star Rally HARD RIDERS MC — FRIDAY NIGHT PARTY copy","QT6G72590260","199939291976","1","100","Song","ID","0.00000","0.005914102393",
"2026-01-26","2026-01-26","2025-12","YouTube (ContentID)","T. Work/The Workman Experience","Lone Star Rally HARD RIDERS MC — FRIDAY NIGHT PARTY copy","QT6G72590260","199939291976","6","100","Song","BD","0.00000","0.006412741695",
"2026-01-26","2026-01-26","2025-12","YouTube (ContentID)","T. Work/The Workman Experience","Lone Star Rally HARD RIDERS MC — FRIDAY NIGHT PARTY","QT6G72590259","199939291976","0","100","Song","VN","0.00000","0.000637243546",
"2026-01-26","2026-01-26","2025-12","YouTube (ContentID)","T. Work/The Workman Experience","Lone Star Rally HARD RIDERS MC — FRIDAY NIGHT PARTY","QT6G72590259","199939291976","8","100","Song","US","0.00000","0.018318651171",
"2026-01-26","2026-01-26","2025-12","YouTube (ContentID)","T. Work/The Workman Experience","Lone Star Rally HARD RIDERS MC — FRIDAY NIGHT PARTY","QT6G72590259","199939291976","2","100","Song","PK","0.00000","0.000034624393",
"2026-01-26","2026-01-26","2025-12","YouTube (ContentID)","T. Work/The Workman Experience","Lone Star Rally HARD RIDERS MC — FRIDAY NIGHT PARTY","QT6G72590259","199939291976","0","100","Song","PH","0.00000","0.000951317201",
"2026-01-26","2026-01-26","2025-12","YouTube (ContentID)","T. Work/The Workman Experience","Lone Star Rally HARD RIDERS MC — FRIDAY NIGHT PARTY","QT6G72590259","199939291976","0","100","Song","IN","0.00000","0.013417965996",
"2026-01-26","2026-01-26","2025-12","YouTube (ContentID)","T. Work/The Workman Experience","Lone Star Rally HARD RIDERS MC — FRIDAY NIGHT PARTY","QT6G72590259","199939291976","1","100","Song","ID","0.00000","0.005914102393",
"2026-01-26","2026-01-26","2025-12","YouTube (ContentID)","T. Work/The Workman Experience","Lone Star Rally HARD RIDERS MC — FRIDAY NIGHT PARTY","QT6G72590259","199939291976","6","100","Song","BD","0.00000","0.006412741695",
"2026-01-26","2026-01-26","2025-12","YouTube (ContentID)","T. Work/The Workman Experience","Lone Star Rally LONE STAR NIGHT RIDING","QT6G72590258","199939291976","0","100","Song","VN","0.00000","0.000637243546",
"2026-01-26","2026-01-26","2025-12","YouTube (ContentID)","T. Work/The Workman Experience","Lone Star Rally LONE STAR NIGHT RIDING","QT6G72590258","199939291976","8","100","Song","US","0.00000","0.018318651171",
"2026-01-26","2026-01-26","2025-12","YouTube (ContentID)","T. Work/The Workman Experience","Lone Star Rally LONE STAR NIGHT RIDING","QT6G72590258","199939291976","2","100","Song","PK","0.00000","0.000034624393",
"2026-01-26","2026-01-26","2025-12","YouTube (ContentID)","T. Work/The Workman Experience","Lone Star Rally LONE STAR NIGHT RIDING","QT6G72590258","199939291976","0","100","Song","PH","0.00000","0.000951317201",
"2026-01-26","2026-01-26","2025-12","YouTube (ContentID)","T. Work/The Workman Experience","Lone Star Rally LONE STAR NIGHT RIDING","QT6G72590258","199939291976","0","100","Song","IN","0.00000","0.013417965996",
"2026-01-26","2026-01-26","2025-12","YouTube (ContentID)","T. Work/The Workman Experience","Lone Star Rally LONE STAR NIGHT RIDING","QT6G72590258","199939291976","1","100","Song","ID","0.00000","0.005914102393",
"2026-01-26","2026-01-26","2025-12","YouTube (ContentID)","T. Work/The Workman Experience","Lone Star Rally LONE STAR NIGHT RIDING","QT6G72590258","199939291976","6","100","Song","BD","0.00000","0.006412741695",
"2026-01-26","2026-01-26","2025-12","YouTube (ContentID)","T. Work/The Workman Experience","Lone Star Rally THE STRAND (NIGHT) + FRIDAY RIDE","QT6G72590257","199939291976","0","100","Song","VN","0.00000","0.000637243546",
"2026-01-26","2026-01-26","2025-12","YouTube (ContentID)","T. Work/The Workman Experience","Lone Star Rally THE STRAND (NIGHT) + FRIDAY RIDE","QT6G72590257","199939291976","8","100","Song","US","0.00000","0.018318651171",
"2026-01-26","2026-01-26","2025-12","YouTube (ContentID)","T. Work/The Workman Experience","Lone Star Rally THE STRAND (NIGHT) + FRIDAY RIDE","QT6G72590257","199939291976","2","100","Song","PK","0.00000","0.000034624393",
"2026-01-26","2026-01-26","2025-12","YouTube (ContentID)","T. Work/The Workman Experience","Lone Star Rally THE STRAND (NIGHT) + FRIDAY RIDE","QT6G72590257","199939291976","0","100","Song","PH","0.00000","0.000951317201",
"2026-01-26","2026-01-26","2025-12","YouTube (ContentID)","T. Work/The Workman Experience","Lone Star Rally THE STRAND (NIGHT) + FRIDAY RIDE","QT6G72590257","199939291976","0","100","Song","IN","0.00000","0.013417965996",
"2026-01-26","2026-01-26","2025-12","YouTube (ContentID)","T. Work/The Workman Experience","Lone Star Rally THE STRAND (NIGHT) + FRIDAY RIDE","QT6G72590257","199939291976","1","100","Song","ID","0.00000","0.005914102393",
"2026-01-26","2026-01-26","2025-12","YouTube (ContentID)","T. Work/The Workman Experience","Lone Star Rally THE STRAND (NIGHT) + FRIDAY RIDE","QT6G72590257","199939291976","6","100","Song","BD","0.00000","0.006412741695",
"2026-01-26","2026-01-26","2025-12","YouTube (ContentID)","T. Work/The Workman Experience","Lone Star Rally THE SET MEET UP (7 DAYS CITGO) v6","QT6G72590256","199939291976","0","100","Song","VN","0.00000","0.000637243546",
"2026-01-26","2026-01-26","2025-12","YouTube (ContentID)","T. Work/The Workman Experience","Lone Star Rally THE SET MEET UP (7 DAYS CITGO) v6","QT6G72590256","199939291976","8","100","Song","US","0.00000","0.018318651171",
"2026-01-26","2026-01-26","2025-12","YouTube (ContentID)","T. Work/The Workman Experience","Lone Star Rally THE SET MEET UP (7 DAYS CITGO) v6","QT6G72590256","199939291976","2","100","Song","PK","0.00000","0.000034624393",
"2026-01-26","2026-01-26","2025-12","YouTube (ContentID)","T. Work/The Workman Experience","Lone Star Rally THE SET MEET UP (7 DAYS CITGO) v6","QT6G72590256","199939291976","0","100","Song","PH","0.00000","0.000951317201",
"2026-01-26","2026-01-26","2025-12","YouTube (ContentID)","T. Work/The Workman Experience","Lone Star Rally THE SET MEET UP (7 DAYS CITGO) v6","QT6G72590256","199939291976","0","100","Song","IN","0.00000","0.013417965996",
"2026-01-26","2026-01-26","2025-12","YouTube (ContentID)","T. Work/The Workman Experience","Lone Star Rally THE SET MEET UP (7 DAYS CITGO) v6","QT6G72590256","199939291976","1","100","Song","ID","0.00000","0.005914102393",
"2026-01-26","2026-01-26","2025-12","YouTube (ContentID)","T. Work/The Workman Experience","Lone Star Rally THE SET MEET UP (7 DAYS CITGO) v6","QT6G72590256","199939291976","6","100","Song","BD","0.00000","0.006412741695",
"2026-01-26","2026-01-26","2025-12","YouTube (ContentID)","T. Work/The Workman Experience","Lone Star Rally THE SET -MEET UP at 7 DAYS CITGO v3","QT6G72590255","199939291976","0","100","Song","VN","0.00000","0.000637243546",
"2026-01-26","2026-01-26","2025-12","YouTube (ContentID)","T. Work/The Workman Experience","Lone Star Rally THE SET -MEET UP at 7 DAYS CITGO v3","QT6G72590255","199939291976","8","100","Song","US","0.00000","0.018318651171",
"2026-01-26","2026-01-26","2025-12","YouTube (ContentID)","T. Work/The Workman Experience","Lone Star Rally THE SET -MEET UP at 7 DAYS CITGO v3","QT6G72590255","199939291976","2","100","Song","PK","0.00000","0.000034624393",
"2026-01-26","2026-01-26","2025-12","YouTube (ContentID)","T. Work/The Workman Experience","Lone Star Rally THE SET -MEET UP at 7 DAYS CITGO v3","QT6G72590255","199939291976","0","100","Song","PH","0.00000","0.000951317201",
"2026-01-26","2026-01-26","2025-12","YouTube (ContentID)","T. Work/The Workman Experience","Lone Star Rally THE SET -MEET UP at 7 DAYS CITGO v3","QT6G72590255","199939291976","0","100","Song","IN","0.00000","0.013417965996",
"2026-01-26","2026-01-26","2025-12","YouTube (ContentID)","T. Work/The Workman Experience","Lone Star Rally THE SET -MEET UP at 7 DAYS CITGO v3","QT6G72590255","199939291976","1","100","Song","ID","0.00000","0.005914102393",
"2026-01-26","2026-01-26","2025-12","YouTube (ContentID)","T. Work/The Workman Experience","Lone Star Rally THE SET -MEET UP at 7 DAYS CITGO v3","QT6G72590255","199939291976","6","100","Song","BD","0.00000","0.006412741695",
"2026-01-26","2026-01-26","2025-12","YouTube (ContentID)","T. Work/The Workman Experience","Lone Star Rally PIER 21 v1","QT6G72590254","199939291976","0","100","Song","VN","0.00000","0.000637243546",
"2026-01-26","2026-01-26","2025-12","YouTube (ContentID)","T. Work/The Workman Experience","Lone Star Rally PIER 21 v1","QT6G72590254","199939291976","8","100","Song","US","0.00000","0.018318651171",
"2026-01-26","2026-01-26","2025-12","YouTube (ContentID)","T. Work/The Workman Experience","Lone Star Rally PIER 21 v1","QT6G72590254","199939291976","2","100","Song","PK","0.00000","0.000034624393",
"2026-01-26","2026-01-26","2025-12","YouTube (ContentID)","T. Work/The Workman Experience","Lone Star Rally PIER 21 v1","QT6G72590254","199939291976","0","100","Song","PH","0.00000","0.000951317201",
"2026-01-26","2026-01-26","2025-12","YouTube (ContentID)","T. Work/The Workman Experience","Lone Star Rally PIER 21 v1","QT6G72590254","199939291976","0","100","Song","IN","0.00000","0.013417965996",
"2026-01-26","2026-01-26","2025-12","YouTube (ContentID)","T. Work/The Workman Experience","Lone Star Rally PIER 21 v1","QT6G72590254","199939291976","1","100","Song","ID","0.00000","0.005914102393",
"2026-01-26","2026-01-26","2025-12","YouTube (ContentID)","T. Work/The Workman Experience","Lone Star Rally PIER 21 v1","QT6G72590254","199939291976","6","100","Song","BD","0.00000","0.006412741695",
"2026-01-26","2026-01-26","2025-12","YouTube (ContentID)","T. Work/The Workman Experience","Lone Star Rally PIER 21 v2","QT6G72590253","199939291976","0","100","Song","VN","0.00000","0.000637243546",
"2026-01-26","2026-01-26","2025-12","YouTube (ContentID)","T. Work/The Workman Experience","Lone Star Rally PIER 21 v2","QT6G72590253","199939291976","8","100","Song","US","0.00000","0.018318651171",
"2026-01-26","2026-01-26","2025-12","YouTube (ContentID)","T. Work/The Workman Experience","Lone Star Rally PIER 21 v2","QT6G72590253","199939291976","2","100","Song","PK","0.00000","0.000034624393",
"2026-01-26","2026-01-26","2025-12","YouTube (ContentID)","T. Work/The Workman Experience","Lone Star Rally PIER 21 v2","QT6G72590253","199939291976","0","100","Song","PH","0.00000","0.000951317201",
"2026-01-26","2026-01-26","2025-12","YouTube (ContentID)","T. Work/The Workman Experience","Lone Star Rally PIER 21 v2","QT6G72590253","199939291976","0","100","Song","IN","0.00000","0.013417965996",
"2026-01-26","2026-01-26","2025-12","YouTube (ContentID)","T. Work/The Workman Experience","Lone Star Rally PIER 21 v2","QT6G72590253","199939291976","1","100","Song","ID","0.00000","0.005914102393",
"2026-01-26","2026-01-26","2025-12","YouTube (ContentID)","T. Work/The Workman Experience","Lone Star Rally PIER 21 v2","QT6G72590253","199939291976","6","100","Song","BD","0.00000","0.006412741695",
"2026-01-26","2026-01-26","2025-12","YouTube (ContentID)","T. Work/The Workman Experience","Lone Star Rally SEAWALL BLVD v2","QT6G72590252","199939291976","0","100","Song","VN","0.00000","0.000637243546",
"2026-01-26","2026-01-26","2025-12","YouTube (ContentID)","T. Work/The Workman Experience","Lone Star Rally SEAWALL BLVD v2","QT6G72590252","199939291976","8","100","Song","US","0.00000","0.018318651171",
"2026-01-26","2026-01-26","2025-12","YouTube (ContentID)","T. Work/The Workman Experience","Lone Star Rally SEAWALL BLVD v2","QT6G72590252","199939291976","2","100","Song","PK","0.00000","0.000034624393",
"2026-01-26","2026-01-26","2025-12","YouTube (ContentID)","T. Work/The Workman Experience","Lone Star Rally SEAWALL BLVD v2","QT6G72590252","199939291976","0","100","Song","PH","0.00000","0.000951317201",
"2026-01-26","2026-01-26","2025-12","YouTube (ContentID)","T. Work/The Workman Experience","Lone Star Rally SEAWALL BLVD v2","QT6G72590252","199939291976","0","100","Song","IN","0.00000","0.013417965996",
"2026-01-26","2026-01-26","2025-12","YouTube (ContentID)","T. Work/The Workman Experience","Lone Star Rally SEAWALL BLVD v2","QT6G72590252","199939291976","1","100","Song","ID","0.00000","0.005914102393",
"2026-01-26","2026-01-26","2025-12","YouTube (ContentID)","T. Work/The Workman Experience","Lone Star Rally SEAWALL BLVD v2","QT6G72590252","199939291976","6","100","Song","BD","0.00000","0.006412741695",
"2026-01-26","2026-01-26","2025-12","YouTube (ContentID)","T. Work/The Workman Experience","Lone Star Rally Day 2 Headley Park Country v1","QT6G72590251","199939291976","0","100","Song","VN","0.00000","0.000637243546",
"2026-01-26","2026-01-26","2025-12","YouTube (ContentID)","T. Work/The Workman Experience","Lone Star Rally Day 2 Headley Park Country v1","QT6G72590251","199939291976","8","100","Song","US","0.00000","0.018318651171",
"2026-01-26","2026-01-26","2025-12","YouTube (ContentID)","T. Work/The Workman Experience","Lone Star Rally Day 2 Headley Park Country v1","QT6G72590251","199939291976","2","100","Song","PK","0.00000","0.000034624393",
"2026-01-26","2026-01-26","2025-12","YouTube (ContentID)","T. Work/The Workman Experience","Lone Star Rally Day 2 Headley Park Country v1","QT6G72590251","199939291976","0","100","Song","PH","0.00000","0.000951317201",
"2026-01-26","2026-01-26","2025-12","YouTube (ContentID)","T. Work/The Workman Experience","Lone Star Rally Day 2 Headley Park Country v1","QT6G72590251","199939291976","0","100","Song","IN","0.00000","0.013417965996",
"2026-01-26","2026-01-26","2025-12","YouTube (ContentID)","T. Work/The Workman Experience","Lone Star Rally Day 2 Headley Park Country v1","QT6G72590251","199939291976","1","100","Song","ID","0.00000","0.005914102393",
"2026-01-26","2026-01-26","2025-12","YouTube (ContentID)","T. Work/The Workman Experience","Lone Star Rally Day 2 Headley Park Country v1","QT6G72590251","199939291976","6","100","Song","BD","0.00000","0.006412741695",
"2026-01-26","2026-01-26","2025-12","YouTube (ContentID)","T. Work/The Workman Experience","LONE STAR RALLY DAY 1 Hip Hop Indie","QT6FY2597922","199942850061","145","100","Song","US","0.00000","0.355515448515",
"2026-01-26","2026-01-26","2025-12","YouTube (ContentID)","T. Work/The Workman Experience","LONE STAR RALLY DAY 1 Hip Hop Indie","QT6FY2597922","199942850061","4","100","Song","PK","0.00000","0.000465748766",
"2026-01-26","2026-01-26","2025-12","YouTube (ContentID)","T. Work/The Workman Experience","LONE STAR RALLY DAY 1 Hip Hop Indie","QT6FY2597922","199942850061","8","100","Song","MX","0.00000","0.000812259444",
"2026-01-26","2026-01-26","2025-12","YouTube (ContentID)","T. Work/The Workman Experience","LONE STAR RALLY DAY 1 Hip Hop Indie","QT6FY2597922","199942850061","1","100","Song","KR","0.00000","0.001300735467",
"2026-01-26","2026-01-26","2025-12","YouTube (ContentID)","T. Work/The Workman Experience","LONE STAR RALLY DAY 1 Hip Hop Indie","QT6FY2597922","199942850061","14","100","Song","IN","0.00000","0.423426660546",
"2026-01-26","2026-01-26","2025-12","YouTube (ContentID)","T. Work/The Workman Experience","LONE STAR RALLY DAY 1 Hip Hop Indie","QT6FY2597922","199942850061","10","100","Song","ID","0.00000","0.063765994209",
"2026-01-26","2026-01-26","2025-12","YouTube (ContentID)","T. Work/The Workman Experience","LONE STAR RALLY DAY 1 Hip Hop Indie","QT6FY2597922","199942850061","1","100","Song","GB","0.00000","0.008893747417",
"2026-01-26","2026-01-26","2025-12","YouTube (ContentID)","T. Work/The Workman Experience","LONE STAR RALLY DAY 1 Hip Hop Indie","QT6FY2597922","199942850061","1","100","Song","DE","0.00000","0.001704544448",
"2026-01-26","2026-01-26","2025-12","YouTube (ContentID)","T. Work/The Workman Experience","LONE STAR RALLY DAY 1 Hip Hop Indie","QT6FY2597922","199942850061","3","100","Song","CA","0.00000","0.010249673850",
"2026-01-26","2026-01-26","2025-12","YouTube (ContentID)","T. Work/The Workman Experience","LONE STAR RALLY DAY 1 Hip Hop Indie","QT6FY2597922","199942850061","35","100","Song","BD","0.00000","0.894816747429",
"2026-01-26","2026-01-26","2025-12","YouTube (ContentID)","T. Work/The Workman Experience","LONE STAR RALLY DAY 1 Hip Hop Indie","QT6FY2597922","199942850061","3","100","Song","AU","0.00000","0.010975585710",
"2026-01-26","2026-01-26","2025-12","YouTube (ContentID)","T. Work/The Workman Experience","Lone Star Rally INTRO HYPE COUNTRY","QT6FY2597921","199942850061","145","100","Song","US","0.00000","0.355515448515",
"2026-01-26","2026-01-26","2025-12","YouTube (ContentID)","T. Work/The Workman Experience","Lone Star Rally INTRO HYPE COUNTRY","QT6FY2597921","199942850061","4","100","Song","PK","0.00000","0.000465748766",
"2026-01-26","2026-01-26","2025-12","YouTube (ContentID)","T. Work/The Workman Experience","Lone Star Rally INTRO HYPE COUNTRY","QT6FY2597921","199942850061","8","100","Song","MX","0.00000","0.000812259444",
"2026-01-26","2026-01-26","2025-12","YouTube (ContentID)","T. Work/The Workman Experience","Lone Star Rally INTRO HYPE COUNTRY","QT6FY2597921","199942850061","1","100","Song","KR","0.00000","0.001300735467",
"2026-01-26","2026-01-26","2025-12","YouTube (ContentID)","T. Work/The Workman Experience","Lone Star Rally INTRO HYPE COUNTRY","QT6FY2597921","199942850061","14","100","Song","IN","0.00000","0.423426660546",
"2026-01-26","2026-01-26","2025-12","YouTube (ContentID)","T. Work/The Workman Experience","Lone Star Rally INTRO HYPE COUNTRY","QT6FY2597921","199942850061","10","100","Song","ID","0.00000","0.063765994209",
"2026-01-26","2026-01-26","2025-12","YouTube (ContentID)","T. Work/The Workman Experience","Lone Star Rally INTRO HYPE COUNTRY","QT6FY2597921","199942850061","1","100","Song","GB","0.00000","0.008893747417",
"2026-01-26","2026-01-26","2025-12","YouTube (ContentID)","T. Work/The Workman Experience","Lone Star Rally INTRO HYPE COUNTRY","QT6FY2597921","199942850061","1","100","Song","DE","0.00000","0.001704544448",
"2026-01-26","2026-01-26","2025-12","YouTube (ContentID)","T. Work/The Workman Experience","Lone Star Rally INTRO HYPE COUNTRY","QT6FY2597921","199942850061","3","100","Song","CA","0.00000","0.010249673850",
"2026-01-26","2026-01-26","2025-12","YouTube (ContentID)","T. Work/The Workman Experience","Lone Star Rally INTRO HYPE COUNTRY","QT6FY2597921","199942850061","35","100","Song","BD","0.00000","0.894816747429",
"2026-01-26","2026-01-26","2025-12","YouTube (ContentID)","T. Work/The Workman Experience","Lone Star Rally INTRO HYPE COUNTRY","QT6FY2597921","199942850061","3","100","Song","AU","0.00000","0.010975585710",
"2026-01-26","2026-01-26","2025-12","YouTube (ContentID)","T. Work/The Workman Experience","Lone Star Rally Country Anthem (Travel Anthem with Southern Rally Energy)","QT6FY2597920","199942850061","145","100","Song","US","0.00000","0.355515448515",
"2026-01-26","2026-01-26","2025-12","YouTube (ContentID)","T. Work/The Workman Experience","Lone Star Rally Country Anthem (Travel Anthem with Southern Rally Energy)","QT6FY2597920","199942850061","4","100","Song","PK","0.00000","0.000465748766",
"2026-01-26","2026-01-26","2025-12","YouTube (ContentID)","T. Work/The Workman Experience","Lone Star Rally Country Anthem (Travel Anthem with Southern Rally Energy)","QT6FY2597920","199942850061","8","100","Song","MX","0.00000","0.000812259444",
"2026-01-26","2026-01-26","2025-12","YouTube (ContentID)","T. Work/The Workman Experience","Lone Star Rally Country Anthem (Travel Anthem with Southern Rally Energy)","QT6FY2597920","199942850061","1","100","Song","KR","0.00000","0.001300735467",
"2026-01-26","2026-01-26","2025-12","YouTube (ContentID)","T. Work/The Workman Experience","Lone Star Rally Country Anthem (Travel Anthem with Southern Rally Energy)","QT6FY2597920","199942850061","14","100","Song","IN","0.00000","0.423426660546",
"2026-01-26","2026-01-26","2025-12","YouTube (ContentID)","T. Work/The Workman Experience","Lone Star Rally Country Anthem (Travel Anthem with Southern Rally Energy)","QT6FY2597920","199942850061","10","100","Song","ID","0.00000","0.063765994209",
"2026-01-26","2026-01-26","2025-12","YouTube (ContentID)","T. Work/The Workman Experience","Lone Star Rally Country Anthem (Travel Anthem with Southern Rally Energy)","QT6FY2597920","199942850061","1","100","Song","GB","0.00000","0.008893747417",
"2026-01-26","2026-01-26","2025-12","YouTube (ContentID)","T. Work/The Workman Experience","Lone Star Rally Country Anthem (Travel Anthem with Southern Rally Energy)","QT6FY2597920","199942850061","1","100","Song","DE","0.00000","0.001704544448",
"2026-01-26","2026-01-26","2025-12","YouTube (ContentID)","T. Work/The Workman Experience","Lone Star Rally Country Anthem (Travel Anthem with Southern Rally Energy)","QT6FY2597920","199942850061","3","100","Song","CA","0.00000","0.010249673850",
"2026-01-26","2026-01-26","2025-12","YouTube (ContentID)","T. Work/The Workman Experience","Lone Star Rally Country Anthem (Travel Anthem with Southern Rally Energy)","QT6FY2597920","199942850061","35","100","Song","BD","0.00000","0.894816747429",
"2026-01-26","2026-01-26","2025-12","YouTube (ContentID)","T. Work/The Workman Experience","Lone Star Rally Country Anthem (Travel Anthem with Southern Rally Energy)","QT6FY2597920","199942850061","3","100","Song","AU","0.00000","0.010975585710",
"2026-01-26","2026-01-26","2025-12","YouTube (ContentID)","T. Work/The Workman Experience","24 Hours In The Zone Anthem Trap v4","QT6FK2548235","199944510901","32","100","Song","US","0.00000","0.044931151454",
"2026-01-26","2026-01-26","2025-12","YouTube (ContentID)","T. Work/The Workman Experience","24 Hours In The Zone Anthem Trap v4","QT6FK2548235","199944510901","1","100","Song","PL","0.00000","0.001265504214",
"2026-01-26","2026-01-26","2025-12","YouTube (ContentID)","T. Work/The Workman Experience","24 Hours In The Zone Anthem Trap v4","QT6FK2548235","199944510901","2","100","Song","MX","0.00000","0.001079644849",
"2026-01-26","2026-01-26","2025-12","YouTube (ContentID)","T. Work/The Workman Experience","24 Hours In The Zone Anthem Trap v4","QT6FK2548235","199944510901","38","100","Song","IN","0.00000","0.010163246241",
"2026-01-26","2026-01-26","2025-12","YouTube (ContentID)","T. Work/The Workman Experience","24 Hours In The Zone Anthem Trap v4","QT6FK2548235","199944510901","0","100","Song","GB","0.00000","0.000582486051",
"2026-01-26","2026-01-26","2025-12","YouTube (ContentID)","T. Work/The Workman Experience","24 Hours In The Zone Anthem Trap v4","QT6FK2548235","199944510901","3","100","Song","CA","0.00000","0.005984811608",
"2026-01-26","2026-01-26","2025-12","YouTube (ContentID)","T. Work/The Workman Experience","24 Hours In The Zone Anthem Trap v4","QT6FK2548235","199944510901","215","100","Song","BD","0.00000","0.021799963123",
"2026-01-26","2026-01-26","2025-12","YouTube (ContentID)","T. Work/The Workman Experience","24 Hours In The Zone Anthem Trap v4","QT6FK2548235","199944510901","0","100","Song","AU","0.00000","0.000669513849",
"2026-01-26","2026-01-26","2025-12","YouTube (ContentID)","T. Work/The Workman Experience","24 Hours In The Zone 2015 Late Trap v3","QT6FK2548234","199944510901","32","100","Song","US","0.00000","0.044931151454",
"2026-01-26","2026-01-26","2025-12","YouTube (ContentID)","T. Work/The Workman Experience","24 Hours In The Zone 2015 Late Trap v3","QT6FK2548234","199944510901","1","100","Song","PL","0.00000","0.001265504214",
"2026-01-26","2026-01-26","2025-12","YouTube (ContentID)","T. Work/The Workman Experience","24 Hours In The Zone 2015 Late Trap v3","QT6FK2548234","199944510901","2","100","Song","MX","0.00000","0.001079644849",
"2026-01-26","2026-01-26","2025-12","YouTube (ContentID)","T. Work/The Workman Experience","24 Hours In The Zone 2015 Late Trap v3","QT6FK2548234","199944510901","38","100","Song","IN","0.00000","0.010163246241",
"2026-01-26","2026-01-26","2025-12","YouTube (ContentID)","T. Work/The Workman Experience","24 Hours In The Zone 2015 Late Trap v3","QT6FK2548234","199944510901","0","100","Song","GB","0.00000","0.000582486051",
"2026-01-26","2026-01-26","2025-12","YouTube (ContentID)","T. Work/The Workman Experience","24 Hours In The Zone 2015 Late Trap v3","QT6FK2548234","199944510901","3","100","Song","CA","0.00000","0.005984811608",
"2026-01-26","2026-01-26","2025-12","YouTube (ContentID)","T. Work/The Workman Experience","24 Hours In The Zone 2015 Late Trap v3","QT6FK2548234","199944510901","215","100","Song","BD","0.00000","0.021799963123",
"2026-01-26","2026-01-26","2025-12","YouTube (ContentID)","T. Work/The Workman Experience","24 Hours In The Zone 2015 Late Trap v3","QT6FK2548234","199944510901","0","100","Song","AU","0.00000","0.000669513849",
"2026-01-26","2026-01-26","2025-12","YouTube (ContentID)","T. Work/The Workman Experience","24 Hours In The Zone Early Classic Trap v2","QT6FK2548233","199944510901","32","100","Song","US","0.00000","0.044931151454",
"2026-01-26","2026-01-26","2025-12","YouTube (ContentID)","T. Work/The Workman Experience","24 Hours In The Zone Early Classic Trap v2","QT6FK2548233","199944510901","1","100","Song","PL","0.00000","0.001265504214",
"2026-01-26","2026-01-26","2025-12","YouTube (ContentID)","T. Work/The Workman Experience","24 Hours In The Zone Early Classic Trap v2","QT6FK2548233","199944510901","2","100","Song","MX","0.00000","0.001079644849",
"2026-01-26","2026-01-26","2025-12","YouTube (ContentID)","T. Work/The Workman Experience","24 Hours In The Zone Early Classic Trap v2","QT6FK2548233","199944510901","38","100","Song","IN","0.00000","0.010163246241",
"2026-01-26","2026-01-26","2025-12","YouTube (ContentID)","T. Work/The Workman Experience","24 Hours In The Zone Early Classic Trap v2","QT6FK2548233","199944510901","0","100","Song","GB","0.00000","0.000582486051",
"2026-01-26","2026-01-26","2025-12","YouTube (ContentID)","T. Work/The Workman Experience","24 Hours In The Zone Early Classic Trap v2","QT6FK2548233","199944510901","3","100","Song","CA","0.00000","0.005984811608",
"2026-01-26","2026-01-26","2025-12","YouTube (ContentID)","T. Work/The Workman Experience","24 Hours In The Zone Early Classic Trap v2","QT6FK2548233","199944510901","215","100","Song","BD","0.00000","0.021799963123",
"2026-01-26","2026-01-26","2025-12","YouTube (ContentID)","T. Work/The Workman Experience","24 Hours In The Zone Early Classic Trap v2","QT6FK2548233","199944510901","0","100","Song","AU","0.00000","0.000669513849",
"2026-01-26","2026-01-26","2025-12","YouTube (ContentID)","T. Work/The Workman Experience","24 Hours In The Zone v1 (TX Country Rap Version)","QT6FK2550455","199944510925","32","100","Song","US","0.00000","0.044931151454",
"2026-01-26","2026-01-26","2025-12","YouTube (ContentID)","T. Work/The Workman Experience","24 Hours In The Zone v1 (TX Country Rap Version)","QT6FK2550455","199944510925","1","100","Song","PL","0.00000","0.001265504214",
"2026-01-26","2026-01-26","2025-12","YouTube (ContentID)","T. Work/The Workman Experience","24 Hours In The Zone v1 (TX Country Rap Version)","QT6FK2550455","199944510925","2","100","Song","MX","0.00000","0.001079644849",
"2026-01-26","2026-01-26","2025-12","YouTube (ContentID)","T. Work/The Workman Experience","24 Hours In The Zone v1 (TX Country Rap Version)","QT6FK2550455","199944510925","38","100","Song","IN","0.00000","0.010163246241",
"2026-01-26","2026-01-26","2025-12","YouTube (ContentID)","T. Work/The Workman Experience","24 Hours In The Zone v1 (TX Country Rap Version)","QT6FK2550455","199944510925","0","100","Song","GB","0.00000","0.000582486051",
"2026-01-26","2026-01-26","2025-12","YouTube (ContentID)","T. Work/The Workman Experience","24 Hours In The Zone v1 (TX Country Rap Version)","QT6FK2550455","199944510925","3","100","Song","CA","0.00000","0.005984811608",
"2026-01-26","2026-01-26","2025-12","YouTube (ContentID)","T. Work/The Workman Experience","24 Hours In The Zone v1 (TX Country Rap Version)","QT6FK2550455","199944510925","215","100","Song","BD","0.00000","0.021799963123",
"2026-01-26","2026-01-26","2025-12","YouTube (ContentID)","T. Work/The Workman Experience","24 Hours In The Zone v1 (TX Country Rap Version)","QT6FK2550455","199944510925","0","100","Song","AU","0.00000","0.000669513849",
"2026-01-26","2026-01-26","2025-12","YouTube (Red)","T. Work/The Workman Experience","24 Hours In The Zone 2015 Late Trap v3","QT6FK2548234","199944510901","1","100","Song","US","0.00000","0.018675221465",
"2026-01-26","2026-01-26","2025-12","YouTube (Red)","T. Work/The Workman Experience","24 Hours In The Zone v1 (TX Country Rap Version)","QT6FK2550455","199944510925","3","100","Song","US","0.00000","0.033562995819",
"2026-01-26","2026-01-26","2025-12","YouTube (ContentID)","T. Work/The Workman Experience","Lone Star Rally HARD RIDERS MC — FRIDAY NIGHT PARTY copy 2","QT6G72590261","199939291976","1","100","Song","US","0.00000","0.000571206440",
"2026-01-26","2026-01-26","2025-12","YouTube (ContentID)","T. Work/The Workman Experience","Lone Star Rally HARD RIDERS MC — FRIDAY NIGHT PARTY copy","QT6G72590260","199939291976","1","100","Song","US","0.00000","0.000571206440",
"2026-01-26","2026-01-26","2025-12","YouTube (ContentID)","T. Work/The Workman Experience","Lone Star Rally HARD RIDERS MC — FRIDAY NIGHT PARTY","QT6G72590259","199939291976","1","100","Song","US","0.00000","0.000571206440",
"2026-01-26","2026-01-26","2025-12","YouTube (ContentID)","T. Work/The Workman Experience","Lone Star Rally LONE STAR NIGHT RIDING","QT6G72590258","199939291976","1","100","Song","US","0.00000","0.000571206440",
"2026-01-26","2026-01-26","2025-12","YouTube (ContentID)","T. Work/The Workman Experience","Lone Star Rally THE STRAND (NIGHT) + FRIDAY RIDE","QT6G72590257","199939291976","1","100","Song","US","0.00000","0.000571206440",
"2026-01-26","2026-01-26","2025-12","YouTube (ContentID)","T. Work/The Workman Experience","Lone Star Rally THE SET MEET UP (7 DAYS CITGO) v6","QT6G72590256","199939291976","1","100","Song","US","0.00000","0.000571206440",
"2026-01-26","2026-01-26","2025-12","YouTube (ContentID)","T. Work/The Workman Experience","Lone Star Rally THE SET -MEET UP at 7 DAYS CITGO v3","QT6G72590255","199939291976","1","100","Song","US","0.00000","0.000571206440",
"2026-01-26","2026-01-26","2025-12","YouTube (ContentID)","T. Work/The Workman Experience","Lone Star Rally PIER 21 v1","QT6G72590254","199939291976","1","100","Song","US","0.00000","0.000571206440",
"2026-01-26","2026-01-26","2025-12","YouTube (ContentID)","T. Work/The Workman Experience","Lone Star Rally PIER 21 v2","QT6G72590253","199939291976","1","100","Song","US","0.00000","0.000571206440",
"2026-01-26","2026-01-26","2025-12","YouTube (ContentID)","T. Work/The Workman Experience","Lone Star Rally SEAWALL BLVD v2","QT6G72590252","199939291976","1","100","Song","US","0.00000","0.000571206440",
"2026-01-26","2026-01-26","2025-12","YouTube (ContentID)","T. Work/The Workman Experience","Lone Star Rally Day 2 Headley Park Country v1","QT6G72590251","199939291976","1","100","Song","US","0.00000","0.000571206440",
"2026-01-26","2026-01-26","2025-12","YouTube (ContentID)","T. Work/The Workman Experience","LONE STAR RALLY DAY 1 Hip Hop Indie","QT6FY2597922","199942850061","9","100","Song","US","0.00000","0.009398675082",
"2026-01-26","2026-01-26","2025-12","YouTube (ContentID)","T. Work/The Workman Experience","LONE STAR RALLY DAY 1 Hip Hop Indie","QT6FY2597922","199942850061","1","100","Song","MX","0.00000","0.000628231869",
"2026-01-26","2026-01-26","2025-12","YouTube (ContentID)","T. Work/The Workman Experience","LONE STAR RALLY DAY 1 Hip Hop Indie","QT6FY2597922","199942850061","1","100","Song","DE","0.00000","0.000946565765",
"2026-01-26","2026-01-26","2025-12","YouTube (ContentID)","T. Work/The Workman Experience","Lone Star Rally INTRO HYPE COUNTRY","QT6FY2597921","199942850061","9","100","Song","US","0.00000","0.009398675082",
"2026-01-26","2026-01-26","2025-12","YouTube (ContentID)","T. Work/The Workman Experience","Lone Star Rally INTRO HYPE COUNTRY","QT6FY2597921","199942850061","1","100","Song","MX","0.00000","0.000628231869",
"2026-01-26","2026-01-26","2025-12","YouTube (ContentID)","T. Work/The Workman Experience","Lone Star Rally INTRO HYPE COUNTRY","QT6FY2597921","199942850061","1","100","Song","DE","0.00000","0.000946565765",
"2026-01-26","2026-01-26","2025-12","YouTube (ContentID)","T. Work/The Workman Experience","Lone Star Rally Country Anthem (Travel Anthem with Southern Rally Energy)","QT6FY2597920","199942850061","9","100","Song","US","0.00000","0.009398675082",
"2026-01-26","2026-01-26","2025-12","YouTube (ContentID)","T. Work/The Workman Experience","Lone Star Rally Country Anthem (Travel Anthem with Southern Rally Energy)","QT6FY2597920","199942850061","1","100","Song","MX","0.00000","0.000628231869",
"2026-01-26","2026-01-26","2025-12","YouTube (ContentID)","T. Work/The Workman Experience","Lone Star Rally Country Anthem (Travel Anthem with Southern Rally Energy)","QT6FY2597920","199942850061","1","100","Song","DE","0.00000","0.000946565765",
"2026-01-26","2026-01-26","2025-12","YouTube (ContentID)","T. Work/The Workman Experience","24 Hours In The Zone Anthem Trap v4","QT6FK2548235","199944510901","4","100","Song","US","0.00000","0.003927044247",
"2026-01-26","2026-01-26","2025-12","YouTube (ContentID)","T. Work/The Workman Experience","24 Hours In The Zone Anthem Trap v4","QT6FK2548235","199944510901","1","100","Song","AU","0.00000","0.000525224019",
"2026-01-26","2026-01-26","2025-12","YouTube (ContentID)","T. Work/The Workman Experience","24 Hours In The Zone 2015 Late Trap v3","QT6FK2548234","199944510901","4","100","Song","US","0.00000","0.003927044247",
"2026-01-26","2026-01-26","2025-12","YouTube (ContentID)","T. Work/The Workman Experience","24 Hours In The Zone 2015 Late Trap v3","QT6FK2548234","199944510901","1","100","Song","AU","0.00000","0.000525224019",
"2026-01-26","2026-01-26","2025-12","YouTube (ContentID)","T. Work/The Workman Experience","24 Hours In The Zone Early Classic Trap v2","QT6FK2548233","199944510901","4","100","Song","US","0.00000","0.003927044247",
"2026-01-26","2026-01-26","2025-12","YouTube (ContentID)","T. Work/The Workman Experience","24 Hours In The Zone Early Classic Trap v2","QT6FK2548233","199944510901","1","100","Song","AU","0.00000","0.000525224019",
"2026-01-26","2026-01-26","2025-12","YouTube (ContentID)","T. Work/The Workman Experience","24 Hours In The Zone v1 (TX Country Rap Version)","QT6FK2550455","199944510925","4","100","Song","US","0.00000","0.003927044247",
"2026-01-26","2026-01-26","2025-12","YouTube (ContentID)","T. Work/The Workman Experience","24 Hours In The Zone v1 (TX Country Rap Version)","QT6FK2550455","199944510925","1","100","Song","AU","0.00000","0.000525224019",
"2026-01-26","2026-01-26","2025-12","YouTube (Ads) - Composition","T. Work/The Workman Experience","LONE STAR RALLY DAY 1 Hip Hop Indie","QT6FY2597922","199942850061","145","100","Song","US","0.00000","0.118593279866",
"2026-01-26","2026-01-26","2025-12","YouTube (Ads) - Composition","T. Work/The Workman Experience","Lone Star Rally INTRO HYPE COUNTRY","QT6FY2597921","199942850061","145","100","Song","US","0.00000","0.118593279866",
"2026-01-26","2026-01-26","2025-12","YouTube (Ads) - Composition","T. Work/The Workman Experience","Lone Star Rally Country Anthem (Travel Anthem with Southern Rally Energy)","QT6FY2597920","199942850061","145","100","Song","US","0.00000","0.118593279866",
"2026-01-26","2026-01-26","2025-12","YouTube (Ads) - Composition","T. Work/The Workman Experience","24 Hours In The Zone Anthem Trap v4","QT6FK2548235","199944510901","32","100","Song","US","0.00000","0.013479345436",
"2026-01-26","2026-01-26","2025-12","YouTube (Ads) - Composition","T. Work/The Workman Experience","24 Hours In The Zone 2015 Late Trap v3","QT6FK2548234","199944510901","32","100","Song","US","0.00000","0.013479345436",
"2026-01-26","2026-01-26","2025-12","YouTube (Ads) - Composition","T. Work/The Workman Experience","24 Hours In The Zone Early Classic Trap v2","QT6FK2548233","199944510901","32","100","Song","US","0.00000","0.013479345436",
"2026-01-26","2026-01-26","2025-12","YouTube (Ads) - Composition","T. Work/The Workman Experience","24 Hours In The Zone v1 (TX Country Rap Version)","QT6FK2550455","199944510925","32","100","Song","US","0.00000","0.013479345436",
"2026-01-22","2026-01-22","2025-12","Apple Music","T. Work/The Workman Experience","24 Hours In The Zone Drill v6","QT6FK2548237","199944510901","17","100","Song","US","0.00000","0.061639763877",
"2026-01-22","2026-01-22","2025-12","Apple Music","T. Work/The Workman Experience","24 Hours In The Zone TX Rap v5","QT6FK2548236","199944510901","11","100","Song","US","0.00000","0.039884553097",
"2026-01-22","2026-01-22","2025-12","Apple Music","T. Work/The Workman Experience","24 Hours In The Zone Anthem Trap v4","QT6FK2548235","199944510901","19","100","Song","US","0.00000","0.068891500804",
"2026-01-22","2026-01-22","2025-12","Apple Music","T. Work/The Workman Experience","24 Hours In The Zone 2015 Late Trap v3","QT6FK2548234","199944510901","13","100","Song","US","0.00000","0.047136290024",
"2026-01-22","2026-01-22","2025-12","Apple Music","T. Work/The Workman Experience","24 Hours In The Zone Early Classic Trap v2","QT6FK2548233","199944510901","17","100","Song","US","0.00000","0.061639763877",
